"","term_name","X.x","query.x","significant.x","p_value.x","term_size.x","query_size.x","intersection_size.x","precision.x","recall.x","term_id.x","source.x","effective_domain_size.x","source_order.x","parents.x","evidence_codes.x","intersection.x","direction.x","X.y","query.y","significant.y","p_value.y","term_size.y","query_size.y","intersection_size.y","precision.y","recall.y","term_id.y","source.y","effective_domain_size.y","source_order.y","parents.y","evidence_codes.y","intersection.y","direction.y"
"1","acid secretion",26,"query_1",TRUE,0.000182060396205668,58,102,6,0.0588235294117647,0.103448275862069,"GO:0046717","GO:BP",27543,14318,"GO:0046903","IEA,IMP,IMP IEA,ISO IEA,ISO,ISO","ENSMUSG00000021135,ENSMUSG00000026272,ENSMUSG00000027048,ENSMUSG00000035699,ENSMUSG00000056973,ENSMUSG00000057400","downregulated",74,"query_1",TRUE,0.00298730260797861,58,779,11,0.0141206675224647,0.189655172413793,"GO:0046717","GO:BP",27543,14318,"GO:0046903","IMP,IEA,ISO,IDA IEA,ISO IEA,ISO,ISS ISO,ISO IEA,ISO,ISO IBA IEA,ISO","ENSMUSG00000017412,ENSMUSG00000021135,ENSMUSG00000031725,ENSMUSG00000040569,ENSMUSG00000053862,ENSMUSG00000056973,ENSMUSG00000057074,ENSMUSG00000057880,ENSMUSG00000061959,ENSMUSG00000064177,ENSMUSG00000078964","downregulated"
"2","alcohol metabolic process",31,"query_1",TRUE,0.000281204806598075,366,102,11,0.107843137254902,0.0300546448087432,"GO:0006066","GO:BP",27543,2098,"c(""GO:0044281"", ""GO:1901615"")","IMP TAS,IBA,ISO IBA IEA,IMP IGI ISO IBA IEA,ISS ISO IEA,IEA,IMP IBA IEA,IEA,ISO IEA,ISO,ISS ISO","ENSMUSG00000002588,ENSMUSG00000021210,ENSMUSG00000032080,ENSMUSG00000032083,ENSMUSG00000032310,ENSMUSG00000040134,ENSMUSG00000047631,ENSMUSG00000052396,ENSMUSG00000056973,ENSMUSG00000057400,ENSMUSG00000078798","downregulated",84,"query_1",TRUE,0.0114743182397006,366,779,28,0.0359435173299101,0.0765027322404372,"GO:0006066","GO:BP",27543,2098,"c(""GO:0044281"", ""GO:1901615"")","ISO TAS IEA,IBA,IEA,ISS ISO IBA IEA,IMP,IDA,IMP ISO IBA IEA,ISO IBA IEA,IEA,IDA ISO IBA IEA,IMP ISO IBA IEA,IMP IGI ISS ISO IEA,ISO IEA,ISO IEA,ISO IEA,IBA,ISO IEA,IBA IEA,IEA,ISO,ISO IEA,ISS ISO,ISO IEA,ISO,IMP ISO IBA,ISO,IMP IBA,ISO","ENSMUSG00000001467,ENSMUSG00000021207,ENSMUSG00000021490,ENSMUSG00000022613,ENSMUSG00000023019,ENSMUSG00000024107,ENSMUSG00000025059,ENSMUSG00000026189,ENSMUSG00000026726,ENSMUSG00000027227,ENSMUSG00000027513,ENSMUSG00000028003,ENSMUSG00000028553,ENSMUSG00000029269,ENSMUSG00000031725,ENSMUSG00000033715,ENSMUSG00000038641,ENSMUSG00000050553,ENSMUSG00000052396,ENSMUSG00000054052,ENSMUSG00000056973,ENSMUSG00000057074,ENSMUSG00000061959,ENSMUSG00000074639,ENSMUSG00000078919,ENSMUSG00000078964,ENSMUSG00000089774,ENSMUSG00000089943","downregulated"
"3","anion transport",70,"query_1",TRUE,0.0144032397867462,548,102,11,0.107843137254902,0.0200729927007299,"GO:0006820","GO:BP",27543,2774,"GO:0006811","IDA ISS ISO IBA IEA,ISO IBA IEA,IBA,IMP,IMP ISS ISO IBA IEA,ISO IBA IEA,IDA IPI ISO IBA IEA,IEA,ISO,ISO,IEA","ENSMUSG00000006574,ENSMUSG00000021135,ENSMUSG00000026220,ENSMUSG00000026272,ENSMUSG00000027048,ENSMUSG00000030236,ENSMUSG00000035699,ENSMUSG00000037583,ENSMUSG00000056973,ENSMUSG00000057400,ENSMUSG00000067144","downregulated",8,"query_1",TRUE,1.27058271585245e-19,548,779,66,0.0847240051347882,0.12043795620438,"GO:0006820","GO:BP",27543,2774,"GO:0006811","IDA ISO IBA IEA,ISS ISO IEA,IDA ISO IBA IEA,IDA ISS ISO IBA IEA,ISO IEA,IEA,ISO,IMP,IDA ISO IBA IEA,IDA,IDA IBA IEA,ISS ISO IBA IEA,ISO IBA IEA,IEA,IDA IBA,IBA TAS IEA,ISO IEA,IDA IMP ISS ISO IEA,IDA IMP ISS ISO IBA IEA,IDA IBA IEA,IBA,IMP,IEA,IBA,IEA,IEA,IDA IMP ISS ISO IEA,ISO,ISO IBA IEA,ISO IBA,IBA IEA,ISS ISO IBA IEA,IBA,IEA,IBA,IDA IMP IBA IEA,IEA,ISO IEA,IEA,IDA IMP ISO IEA,ISO IBA,ISO IEA,IDA,IEA,IDA IBA IEA,ISO IEA,ISO,IBA IEA,IDA IPI ISO IBA IEA,ISO,ISO,ISS ISO,ISO IEA,IBA,IEA,ISO,IBA IEA,ISO IEA,IEA,IBA IEA,IEA,ISO,IBA IEA,IBA IEA,ISO,IBA","ENSMUSG00000001095,ENSMUSG00000002346,ENSMUSG00000006469,ENSMUSG00000006574,ENSMUSG00000010122,ENSMUSG00000015001,ENSMUSG00000015401,ENSMUSG00000017412,ENSMUSG00000018459,ENSMUSG00000019894,ENSMUSG00000020062,ENSMUSG00000020102,ENSMUSG00000021135,ENSMUSG00000021490,ENSMUSG00000022366,ENSMUSG00000023267,ENSMUSG00000024107,ENSMUSG00000024354,ENSMUSG00000024650,ENSMUSG00000024757,ENSMUSG00000026220,ENSMUSG00000027070,ENSMUSG00000027202,ENSMUSG00000027896,ENSMUSG00000028655,ENSMUSG00000030109,ENSMUSG00000030834,ENSMUSG00000031725,ENSMUSG00000031766,ENSMUSG00000032114,ENSMUSG00000032988,ENSMUSG00000036083,ENSMUSG00000036110,ENSMUSG00000036123,ENSMUSG00000037762,ENSMUSG00000038115,ENSMUSG00000039710,ENSMUSG00000039783,ENSMUSG00000040441,ENSMUSG00000040569,ENSMUSG00000040693,ENSMUSG00000040966,ENSMUSG00000041052,ENSMUSG00000041644,ENSMUSG00000041698,ENSMUSG00000044014,ENSMUSG00000052026,ENSMUSG00000052562,ENSMUSG00000053862,ENSMUSG00000054385,ENSMUSG00000056973,ENSMUSG00000057074,ENSMUSG00000057880,ENSMUSG00000058921,ENSMUSG00000061742,ENSMUSG00000061959,ENSMUSG00000063590,ENSMUSG00000063796,ENSMUSG00000067144,ENSMUSG00000067656,ENSMUSG00000070280,ENSMUSG00000074028,ENSMUSG00000074991,ENSMUSG00000075044,ENSMUSG00000078964,ENSMUSG00000079262","downregulated"
"4","bile acid secretion",14,"query_1",TRUE,8.91148590635258e-06,17,102,5,0.0490196078431373,0.294117647058824,"GO:0032782","GO:BP",27543,9022,"c(""GO:0015718"", ""GO:0046717"")","IEA,IMP IEA,ISO IEA,ISO,ISO","ENSMUSG00000021135,ENSMUSG00000027048,ENSMUSG00000035699,ENSMUSG00000056973,ENSMUSG00000057400","downregulated",68,"query_1",TRUE,0.00109216951375474,17,779,7,0.00898587933247754,0.411764705882353,"GO:0032782","GO:BP",27543,9022,"c(""GO:0015718"", ""GO:0046717"")","IEA,ISO,ISO IEA,ISO,ISS ISO,ISO,ISO","ENSMUSG00000021135,ENSMUSG00000031725,ENSMUSG00000053862,ENSMUSG00000056973,ENSMUSG00000057074,ENSMUSG00000061959,ENSMUSG00000078964","downregulated"
"5","carboxylic acid binding",102,"query_1",TRUE,0.00512000782945877,183,102,7,0.0686274509803922,0.0382513661202186,"GO:0031406","GO:MF",25412,5062,"GO:0043168","ISO IBA,ISO,ISO IEA,ISO IBA IEA,ISO,ISO IBA IEA,IBA","ENSMUSG00000021210,ENSMUSG00000024292,ENSMUSG00000025991,ENSMUSG00000029368,ENSMUSG00000035745,ENSMUSG00000054422,ENSMUSG00000070690","downregulated",147,"query_1",TRUE,7.26821952699337e-07,183,789,25,0.0316856780735108,0.136612021857924,"GO:0031406","GO:MF",25412,5062,"GO:0043168","IEA,IDA ISO IBA IEA,IMP ISO IBA,ISO IBA IEA,ISO,ISO,IBA IEA,ISO IEA,IBA,ISO IEA,ISO,ISO IBA IEA,IBA,IDA,IBA,ISO IBA,ISO,ISO IEA,ISO,IDA,ISO,ISO IEA,ISO IEA,IBA,ISO","ENSMUSG00000001155,ENSMUSG00000002769,ENSMUSG00000021207,ENSMUSG00000021751,ENSMUSG00000022323,ENSMUSG00000024292,ENSMUSG00000024827,ENSMUSG00000027513,ENSMUSG00000027530,ENSMUSG00000028003,ENSMUSG00000028715,ENSMUSG00000029368,ENSMUSG00000029369,ENSMUSG00000031710,ENSMUSG00000032454,ENSMUSG00000033715,ENSMUSG00000035745,ENSMUSG00000039579,ENSMUSG00000042102,ENSMUSG00000054474,ENSMUSG00000057933,ENSMUSG00000062432,ENSMUSG00000063415,ENSMUSG00000070690,ENSMUSG00000090171","downregulated"
"6","carboxylic acid catabolic process",55,"query_1",TRUE,0.0083097553616884,243,102,8,0.0784313725490196,0.0329218106995885,"GO:0046395","GO:BP",27543,14090,"c(""GO:0016054"", ""GO:0019752"")","ISO IEA,ISO IBA,ISO IEA,IMP,IEA,ISS ISO IEA,ISO IEA,IDA","ENSMUSG00000002588,ENSMUSG00000024292,ENSMUSG00000026272,ENSMUSG00000027048,ENSMUSG00000029445,ENSMUSG00000037798,ENSMUSG00000054422,ENSMUSG00000056973","downregulated",9,"query_1",TRUE,3.15648463423868e-19,243,779,44,0.0564826700898588,0.181069958847737,"GO:0046395","GO:BP",27543,14090,"c(""GO:0016054"", ""GO:0019752"")","IEA,TAS IEA,IBA IEA,ISS ISO IBA IEA,ISO IBA,IDA IBA IEA,IEA,ISO IBA IEA,ISO IC,ISO IBA IEA,IBA IEA,IMP ISS ISO IBA TAS IEA,ISO IBA,ISS ISO IBA IEA,ISS ISO,ISO,IEA,IMP ISO IBA IEA,IBA,IMP,IEA,IEA,IEA,IDA IEA,IDA IMP ISO IBA IEA,IDA,ISO IBA IEA,IDA,IBA IEA,IEA,IEA,IEA,ISO IEA,IDA,IEA,IBA,ISO IEA,ISO IEA,IMP ISS ISO IBA IEA,ISO IC IEA,IEA,IEA,IEA,ISO IBA IEA","ENSMUSG00000000673,ENSMUSG00000001155,ENSMUSG00000003526,ENSMUSG00000003809,ENSMUSG00000010651,ENSMUSG00000017718,ENSMUSG00000020051,ENSMUSG00000021238,ENSMUSG00000021416,ENSMUSG00000021751,ENSMUSG00000022821,ENSMUSG00000022853,ENSMUSG00000024292,ENSMUSG00000024827,ENSMUSG00000025911,ENSMUSG00000026348,ENSMUSG00000026866,ENSMUSG00000027359,ENSMUSG00000027513,ENSMUSG00000028655,ENSMUSG00000028712,ENSMUSG00000028715,ENSMUSG00000029445,ENSMUSG00000029695,ENSMUSG00000031549,ENSMUSG00000031725,ENSMUSG00000034456,ENSMUSG00000034875,ENSMUSG00000036892,ENSMUSG00000037542,ENSMUSG00000038641,ENSMUSG00000039783,ENSMUSG00000052392,ENSMUSG00000056973,ENSMUSG00000057228,ENSMUSG00000057880,ENSMUSG00000058022,ENSMUSG00000062432,ENSMUSG00000062908,ENSMUSG00000063415,ENSMUSG00000063929,ENSMUSG00000066072,ENSMUSG00000078937,ENSMUSG00000089678","downregulated"
"7","carboxylic acid metabolic process",7,"query_1",TRUE,6.91766252589375e-08,939,102,21,0.205882352941176,0.0223642172523962,"GO:0019752","GO:BP",27543,6954,"GO:0043436","ISO IEA,IMP,IBA,ISS ISO,ISO IBA,ISO IBA IEA,IMP ISS ISO IBA IEA,IMP ISS ISO IEA,ISS ISO IBA IEA,IMP ISO IBA TAS IEA,ISO IBA IEA,IBA,ISO IEA,IEA,ISS ISO IEA,ISO IEA,IDA IBA,IDA ISO,ISO,IDA ISO IEA,IBA","ENSMUSG00000002588,ENSMUSG00000006574,ENSMUSG00000021210,ENSMUSG00000022304,ENSMUSG00000024292,ENSMUSG00000025991,ENSMUSG00000026272,ENSMUSG00000027048,ENSMUSG00000029445,ENSMUSG00000030382,ENSMUSG00000032080,ENSMUSG00000032083,ENSMUSG00000032310,ENSMUSG00000034785,ENSMUSG00000037798,ENSMUSG00000054422,ENSMUSG00000054827,ENSMUSG00000056973,ENSMUSG00000057400,ENSMUSG00000074768,ENSMUSG00000094806","downregulated",3,"query_1",TRUE,3.10327031000735e-35,939,779,112,0.143774069319641,0.119275825346113,"GO:0019752","GO:BP",27543,6954,"GO:0043436","ISS ISO IBA IEA,TAS IEA,IMP ISO IBA,IBA IEA,ISS ISO IBA IEA,IMP ISO IEA,IMP ISS,IMP IEA,IMP,ISO IBA IEA,IDA IBA IEA,ISS ISO IBA IEA,ISO IBA IEA,TAS,IBA,IDA IBA IEA,ISO IBA IEA,ISO IBA IC,IEA,IBA TAS IEA,ISO IBA IEA,ISS ISO,IMP IBA IEA,IMP ISS ISO IBA TAS IEA,IMP,IBA,IEA,ISO IBA,ISO,ISS ISO IBA IEA,IEA,IMP,ISO IBA IEA,IEA,ISS ISO,IBA IEA,ISA IEA,ISS ISO IEA,IEA,ISO IBA IEA,IDA IMP ISO IBA TAS IEA,IMP ISO IBA IEA,ISO IEA,ISS ISO IBA IEA,ISO IBA IC IEA,ISO IEA,IMP,ISO IBA IEA,ISO IBA IEA,ISS ISO IBA IEA,IDA IBA IEA,IMP ISO IBA TAS IEA,ISO IEA,IBA IEA,IBA IEA,IDA IMP ISO IBA IEA,IDA ISO,NAS,IMP,ISS ISO IBA IEA,IDA IBA IEA,IBA,ISO IBA IEA,IEA,IDA,ISO,IBA IEA,IMP ISO IBA IEA,IDA ISS ISO IBA IEA,ISO IEA,ISO IEA,IMP ISO IBA IEA,IMP,IDA ISO IBA IEA,IMP ISO IBA IEA,IBA,IEA,ISO IEA,IEA,IDA ISO IBA IEA,ISO,ISO,ISO,IDA IBA,IDA ISO,ISS ISO,ISS ISO IBA IEA,ISO IBA IEA,ISO IEA,ISO,ISO IEA,IMP ISS ISO IBA IEA,ISS ISO IC IEA,ISO IBA IEA,ISO IBA TAS IEA,ISO,ISS ISO IEA,IDA ISO,ISO,IDA ISO IEA,ISS ISO IBA IEA,IBA IEA,ISO,IMP,ISO,IBA,ISO IBA IEA,ISO IBA,IBA,ISO,IBA,IBA","ENSMUSG00000000673,ENSMUSG00000001155,ENSMUSG00000002769,ENSMUSG00000003526,ENSMUSG00000003809,ENSMUSG00000005373,ENSMUSG00000006345,ENSMUSG00000006542,ENSMUSG00000006574,ENSMUSG00000010651,ENSMUSG00000017718,ENSMUSG00000019762,ENSMUSG00000020051,ENSMUSG00000020774,ENSMUSG00000021207,ENSMUSG00000021228,ENSMUSG00000021238,ENSMUSG00000021416,ENSMUSG00000021490,ENSMUSG00000021620,ENSMUSG00000021751,ENSMUSG00000022304,ENSMUSG00000022821,ENSMUSG00000022853,ENSMUSG00000023019,ENSMUSG00000023120,ENSMUSG00000023262,ENSMUSG00000024292,ENSMUSG00000024694,ENSMUSG00000024827,ENSMUSG00000024892,ENSMUSG00000025059,ENSMUSG00000025197,ENSMUSG00000025815,ENSMUSG00000025911,ENSMUSG00000025963,ENSMUSG00000026189,ENSMUSG00000026348,ENSMUSG00000026866,ENSMUSG00000027199,ENSMUSG00000027359,ENSMUSG00000027513,ENSMUSG00000027870,ENSMUSG00000028179,ENSMUSG00000028307,ENSMUSG00000028553,ENSMUSG00000028655,ENSMUSG00000028712,ENSMUSG00000028715,ENSMUSG00000029445,ENSMUSG00000029695,ENSMUSG00000030382,ENSMUSG00000030562,ENSMUSG00000030945,ENSMUSG00000030972,ENSMUSG00000031549,ENSMUSG00000031725,ENSMUSG00000032066,ENSMUSG00000032114,ENSMUSG00000033427,ENSMUSG00000033533,ENSMUSG00000033715,ENSMUSG00000034456,ENSMUSG00000034785,ENSMUSG00000034875,ENSMUSG00000035780,ENSMUSG00000036892,ENSMUSG00000037071,ENSMUSG00000037542,ENSMUSG00000037686,ENSMUSG00000038641,ENSMUSG00000038754,ENSMUSG00000039438,ENSMUSG00000039653,ENSMUSG00000039783,ENSMUSG00000040650,ENSMUSG00000041653,ENSMUSG00000042118,ENSMUSG00000044788,ENSMUSG00000052392,ENSMUSG00000052520,ENSMUSG00000054052,ENSMUSG00000054385,ENSMUSG00000054474,ENSMUSG00000056973,ENSMUSG00000057074,ENSMUSG00000057228,ENSMUSG00000057880,ENSMUSG00000058022,ENSMUSG00000061959,ENSMUSG00000062432,ENSMUSG00000062908,ENSMUSG00000063415,ENSMUSG00000063929,ENSMUSG00000066072,ENSMUSG00000066097,ENSMUSG00000069805,ENSMUSG00000074028,ENSMUSG00000074639,ENSMUSG00000074768,ENSMUSG00000076441,ENSMUSG00000078937,ENSMUSG00000078964,ENSMUSG00000079262,ENSMUSG00000082932,ENSMUSG00000089675,ENSMUSG00000089678,ENSMUSG00000089943,ENSMUSG00000090171,ENSMUSG00000091813,ENSMUSG00000092008,ENSMUSG00000096852","downregulated"
"8","carboxylic acid transmembrane transporter activity",111,"query_1",TRUE,0.030338784722237,165,102,6,0.0588235294117647,0.0363636363636364,"GO:0046943","GO:MF",25412,7343,"GO:0005342","ISO IBA IEA,IBA,IMP ISS ISO IBA IEA,ISO IBA IEA,IDA IBA IEA,IPI","ENSMUSG00000021135,ENSMUSG00000026220,ENSMUSG00000027048,ENSMUSG00000030236,ENSMUSG00000030382,ENSMUSG00000035699","downregulated",128,"query_1",TRUE,1.83109880388172e-16,165,789,35,0.0443599493029151,0.212121212121212,"GO:0046943","GO:MF",25412,7343,"GO:0005342","IDA ISO IEA,ISO IEA,IDA ISO IBA IEA,IDA IBA,IDA,ISS ISO IBA IEA,ISO IBA IEA,IDA ISO IEA,IDA IMP ISS ISO IEA,ISO,IBA,IDA IBA,IBA,IDA ISO IEA,IEA,IDA IBA IEA,IBA IEA,IBA,IDA IBA,IBA,ISO IBA IEA,ISO IEA,IBA,IDA IBA,IBA,IDA ISO IBA,ISO,IPI,ISO,IBA,ISO,ISO,ISO,ISO,IBA","ENSMUSG00000001095,ENSMUSG00000010122,ENSMUSG00000018459,ENSMUSG00000019894,ENSMUSG00000020062,ENSMUSG00000020102,ENSMUSG00000021135,ENSMUSG00000021565,ENSMUSG00000024354,ENSMUSG00000024757,ENSMUSG00000026220,ENSMUSG00000027359,ENSMUSG00000027896,ENSMUSG00000028655,ENSMUSG00000030109,ENSMUSG00000030382,ENSMUSG00000032988,ENSMUSG00000037762,ENSMUSG00000039710,ENSMUSG00000040441,ENSMUSG00000040569,ENSMUSG00000040966,ENSMUSG00000041052,ENSMUSG00000041644,ENSMUSG00000041698,ENSMUSG00000052026,ENSMUSG00000052562,ENSMUSG00000053862,ENSMUSG00000054385,ENSMUSG00000058921,ENSMUSG00000063590,ENSMUSG00000067656,ENSMUSG00000074028,ENSMUSG00000075044,ENSMUSG00000079262","downregulated"
"9","carboxylic acid transport",51,"query_1",TRUE,0.00516428942703713,307,102,9,0.0882352941176471,0.0293159609120521,"GO:0046942","GO:BP",27543,14458,"GO:0015711","ISO IBA IEA,IBA,IMP,IMP ISS ISO IBA IEA,ISO IBA IEA,IDA IPI ISO IBA IEA,IEA,ISO,ISO","ENSMUSG00000021135,ENSMUSG00000026220,ENSMUSG00000026272,ENSMUSG00000027048,ENSMUSG00000030236,ENSMUSG00000035699,ENSMUSG00000037583,ENSMUSG00000056973,ENSMUSG00000057400","downregulated",10,"query_1",TRUE,3.50730269905531e-19,307,779,49,0.0629011553273428,0.159609120521173,"GO:0046942","GO:BP",27543,14458,"GO:0015711","IDA ISO IEA,ISO IEA,IEA,ISO,IMP,IDA ISO IBA IEA,IDA,IDA IBA IEA,ISS ISO IBA IEA,ISO IBA IEA,IDA,ISO IEA,IDA IMP ISO IEA,ISS ISO IEA,IEA,IBA,IMP,IBA,IEA,ISS ISO IEA,ISO,IBA IEA,IBA,IBA,IBA,IEA,ISO IEA,IEA,ISO IEA,ISO IEA,IDA,IEA,IBA,ISO IEA,ISO,IEA,IDA IPI ISO IBA IEA,ISO,ISO,ISS ISO,ISO IEA,IBA,ISO,IEA,IEA,ISO,IEA,ISO,IBA","ENSMUSG00000001095,ENSMUSG00000010122,ENSMUSG00000015001,ENSMUSG00000015401,ENSMUSG00000017412,ENSMUSG00000018459,ENSMUSG00000019894,ENSMUSG00000020062,ENSMUSG00000020102,ENSMUSG00000021135,ENSMUSG00000022366,ENSMUSG00000024107,ENSMUSG00000024354,ENSMUSG00000024650,ENSMUSG00000024757,ENSMUSG00000026220,ENSMUSG00000027070,ENSMUSG00000027896,ENSMUSG00000030109,ENSMUSG00000030834,ENSMUSG00000031725,ENSMUSG00000032988,ENSMUSG00000036083,ENSMUSG00000036110,ENSMUSG00000037762,ENSMUSG00000039710,ENSMUSG00000039783,ENSMUSG00000040441,ENSMUSG00000040569,ENSMUSG00000040966,ENSMUSG00000041052,ENSMUSG00000041644,ENSMUSG00000041698,ENSMUSG00000044014,ENSMUSG00000052026,ENSMUSG00000052562,ENSMUSG00000053862,ENSMUSG00000054385,ENSMUSG00000056973,ENSMUSG00000057074,ENSMUSG00000057880,ENSMUSG00000058921,ENSMUSG00000061959,ENSMUSG00000063590,ENSMUSG00000067656,ENSMUSG00000074028,ENSMUSG00000075044,ENSMUSG00000078964,ENSMUSG00000079262","downregulated"
"10","cellular ketone metabolic process",52,"query_1",TRUE,0.00608927372940935,233,102,8,0.0784313725490196,0.0343347639484979,"GO:0042180","GO:BP",27543,11580,"c(""GO:0044237"", ""GO:0044281"", ""GO:0071704"")","IBA,IBA,IMP,ISO IBA IEA,IBA,ISO IEA,ISO,ISO","ENSMUSG00000021210,ENSMUSG00000024292,ENSMUSG00000027048,ENSMUSG00000032080,ENSMUSG00000032083,ENSMUSG00000054422,ENSMUSG00000056973,ENSMUSG00000057400","downregulated",30,"query_1",TRUE,6.81965198278677e-07,233,779,28,0.0359435173299101,0.120171673819742,"GO:0042180","GO:BP",27543,11580,"c(""GO:0044237"", ""GO:0044281"", ""GO:0071704"")","ISS ISO IBA IEA,IMP,IDA IBA IEA,IBA,IMP,IMP,IBA,IMP,IEA,IMP,IDA IMP ISO IBA IEA,ISO,IEA,IBA,IEA,IMP ISO IBA IEA,ISO,ISO,ISO,ISO,ISS ISO,ISS ISO IEA,ISO,IDA ISO,ISO,ISO,ISO,ISO","ENSMUSG00000003555,ENSMUSG00000005373,ENSMUSG00000017718,ENSMUSG00000021207,ENSMUSG00000022186,ENSMUSG00000023019,ENSMUSG00000024292,ENSMUSG00000025059,ENSMUSG00000026866,ENSMUSG00000028655,ENSMUSG00000031549,ENSMUSG00000031725,ENSMUSG00000033122,ENSMUSG00000033715,ENSMUSG00000037542,ENSMUSG00000039783,ENSMUSG00000040650,ENSMUSG00000054052,ENSMUSG00000054385,ENSMUSG00000056973,ENSMUSG00000057074,ENSMUSG00000057228,ENSMUSG00000061959,ENSMUSG00000074028,ENSMUSG00000074639,ENSMUSG00000078964,ENSMUSG00000095143,ENSMUSG00000095388","downregulated"
"11","fatty acid metabolic process",29,"query_1",TRUE,0.000277814637907731,452,102,12,0.117647058823529,0.0265486725663717,"GO:0006631","GO:BP",27543,2603,"c(""GO:0032787"", ""GO:0044255"")","IBA,ISO IBA,IMP,ISO IBA TAS IEA,ISO IBA IEA,IBA,IEA,ISO IEA,IDA IBA,IDA ISO,ISO,IBA","ENSMUSG00000021210,ENSMUSG00000024292,ENSMUSG00000027048,ENSMUSG00000030382,ENSMUSG00000032080,ENSMUSG00000032083,ENSMUSG00000032310,ENSMUSG00000054422,ENSMUSG00000054827,ENSMUSG00000056973,ENSMUSG00000057400,ENSMUSG00000094806","downregulated",13,"query_1",TRUE,1.03094286662093e-14,452,779,53,0.0680359435173299,0.117256637168142,"GO:0006631","GO:BP",27543,2603,"c(""GO:0032787"", ""GO:0044255"")","ISS ISO IBA IEA,IMP,IEA,ISO IBA IEA,IBA,IDA IBA IEA,ISO IBA IC,IBA TAS IEA,ISO IBA IEA,IMP ISS ISO IBA TAS IEA,ISO IBA,IMP,ISO IBA IEA,ISA IEA,IDA IMP ISO IBA TAS IEA,IBA,ISO IEA,ISO IEA,IMP,ISO IBA,ISO IBA IEA,ISO IBA TAS IEA,IBA IEA,IBA IEA,IDA ISO,IDA IBA IEA,IBA,IDA,IMP ISO IBA IEA,IMP ISO IBA IEA,IBA IEA,IBA,IEA,IEA,IDA ISO IBA IEA,ISO,ISO,IDA IBA,IDA ISO,ISO,ISO IEA,ISO,IMP ISS ISO IBA IEA,ISO IBA,ISO IBA TAS IEA,ISO,IDA ISO,IBA IEA,ISO,ISO,ISO,IBA,IBA","ENSMUSG00000003809,ENSMUSG00000005373,ENSMUSG00000006542,ENSMUSG00000010651,ENSMUSG00000021207,ENSMUSG00000021228,ENSMUSG00000021416,ENSMUSG00000021620,ENSMUSG00000021751,ENSMUSG00000022853,ENSMUSG00000024292,ENSMUSG00000025059,ENSMUSG00000025197,ENSMUSG00000026189,ENSMUSG00000027359,ENSMUSG00000027513,ENSMUSG00000027870,ENSMUSG00000028553,ENSMUSG00000028655,ENSMUSG00000028712,ENSMUSG00000028715,ENSMUSG00000030382,ENSMUSG00000030945,ENSMUSG00000030972,ENSMUSG00000031725,ENSMUSG00000033533,ENSMUSG00000033715,ENSMUSG00000034875,ENSMUSG00000037071,ENSMUSG00000038754,ENSMUSG00000039653,ENSMUSG00000040650,ENSMUSG00000041653,ENSMUSG00000044788,ENSMUSG00000052392,ENSMUSG00000052520,ENSMUSG00000054385,ENSMUSG00000054474,ENSMUSG00000056973,ENSMUSG00000057074,ENSMUSG00000058022,ENSMUSG00000061959,ENSMUSG00000062908,ENSMUSG00000063929,ENSMUSG00000066072,ENSMUSG00000066097,ENSMUSG00000074028,ENSMUSG00000078937,ENSMUSG00000078964,ENSMUSG00000082932,ENSMUSG00000091813,ENSMUSG00000092008,ENSMUSG00000096852","downregulated"
"12","lipid catabolic process",45,"query_1",TRUE,0.00147673379672205,344,102,10,0.0980392156862745,0.0290697674418605,"GO:0016042","GO:BP",27543,5644,"c(""GO:0006629"", ""GO:1901575"")","ISO,ISO IBA,ISO IEA,IMP,ISO IBA IEA,IBA,ISO IEA,ISO IEA,IDA IMP IBA NAS IEA,IBA","ENSMUSG00000000049,ENSMUSG00000024292,ENSMUSG00000025991,ENSMUSG00000027048,ENSMUSG00000032080,ENSMUSG00000032083,ENSMUSG00000032310,ENSMUSG00000054422,ENSMUSG00000056973,ENSMUSG00000057400","downregulated",33,"query_1",TRUE,1.57456480754329e-06,344,779,34,0.0436456996148909,0.0988372093023256,"GO:0016042","GO:BP",27543,5644,"c(""GO:0006629"", ""GO:1901575"")","ISS ISO IBA IEA,ISO IBA,IEA,ISO IC,ISO IBA IEA,IDA ISS ISO IBA IEA,IMP ISS ISO IBA TAS IEA,ISO IBA,IMP ISO IBA IEA,IBA,IDA IBA,ISO IBA IEA,IMP,IEA,IEA,IDA IBA,IDA ISS ISO IBA IEA,IDA,IEA,IEA,ISO IEA,IEA,IDA IMP IBA NAS IEA,IBA,ISO IEA,IBA,ISO IEA,IMP ISS ISO IBA IEA,ISO IC IEA,IEA,IEA,IBA,IEA,IBA","ENSMUSG00000003809,ENSMUSG00000010651,ENSMUSG00000015001,ENSMUSG00000021416,ENSMUSG00000021751,ENSMUSG00000022425,ENSMUSG00000022853,ENSMUSG00000024292,ENSMUSG00000027359,ENSMUSG00000027513,ENSMUSG00000027761,ENSMUSG00000028553,ENSMUSG00000028655,ENSMUSG00000028712,ENSMUSG00000028715,ENSMUSG00000031725,ENSMUSG00000032066,ENSMUSG00000034875,ENSMUSG00000037686,ENSMUSG00000038173,ENSMUSG00000038641,ENSMUSG00000041653,ENSMUSG00000056973,ENSMUSG00000057074,ENSMUSG00000058022,ENSMUSG00000061959,ENSMUSG00000062432,ENSMUSG00000062908,ENSMUSG00000063415,ENSMUSG00000063929,ENSMUSG00000066072,ENSMUSG00000074156,ENSMUSG00000078937,ENSMUSG00000078964","downregulated"
"13","lipid localization",1,"query_1",TRUE,2.38076437615288e-13,490,102,21,0.205882352941176,0.0428571428571429,"GO:0010876","GO:BP",27543,4997,"GO:0033036","ISO,ISO IEA,IMP,ISO,ISO IBA IEA,IDA IMP ISO IC IEA,IMP ISS ISO IBA IEA,IDA,ISO IBA IEA,IDA IMP IBA IEA,IMP ISO IBA IEA,IEA,IDA IMP ISS ISO IBA IEA,IDA IPI IBA,IEA,ISO IEA,IDA IMP ISO IC IEA,IGI IEA,ISO IBA IEA,ISO,ISO","ENSMUSG00000000049,ENSMUSG00000002588,ENSMUSG00000006574,ENSMUSG00000012705,ENSMUSG00000021135,ENSMUSG00000024254,ENSMUSG00000027048,ENSMUSG00000028017,ENSMUSG00000030236,ENSMUSG00000030382,ENSMUSG00000032080,ENSMUSG00000032081,ENSMUSG00000032083,ENSMUSG00000035699,ENSMUSG00000037583,ENSMUSG00000037942,ENSMUSG00000040505,ENSMUSG00000047631,ENSMUSG00000054422,ENSMUSG00000056973,ENSMUSG00000057400","downregulated",39,"query_1",TRUE,3.96554522472609e-06,490,779,41,0.0526315789473684,0.0836734693877551,"GO:0010876","GO:BP",27543,4997,"GO:0033036","IDA ISO IBA IEA,IMP,IEA,IDA IBA,ISO IBA IEA,ISS ISO IEA,IDA IBA IEA,IDA,ISO IEA,IDA IMP ISO IC IEA,IMP ISO IBA IEA,IEA,IDA ISO IBA IEA,IBA,IGI,IDA,ISO IEA,IDA IMP ISO IEA,IDA IMP IBA IEA,ISO,IBA,IBA IEA,IBA,ISO,IMP,IEA,IDA IPI IBA IEA,ISO,ISO,ISS ISO,IBA,ISO,IEA,ISO IEA,IEA,IDA,IBA IEA,IEA,ISO IBA TAS IEA,ISO,IBA","ENSMUSG00000004668,ENSMUSG00000006574,ENSMUSG00000015001,ENSMUSG00000020062,ENSMUSG00000021135,ENSMUSG00000022061,ENSMUSG00000022215,ENSMUSG00000022366,ENSMUSG00000024107,ENSMUSG00000024254,ENSMUSG00000024391,ENSMUSG00000024757,ENSMUSG00000027359,ENSMUSG00000027530,ENSMUSG00000028003,ENSMUSG00000028017,ENSMUSG00000028553,ENSMUSG00000028655,ENSMUSG00000030382,ENSMUSG00000031725,ENSMUSG00000032454,ENSMUSG00000035435,ENSMUSG00000041698,ENSMUSG00000048834,ENSMUSG00000052520,ENSMUSG00000052562,ENSMUSG00000053862,ENSMUSG00000054385,ENSMUSG00000056973,ENSMUSG00000057074,ENSMUSG00000058921,ENSMUSG00000061959,ENSMUSG00000063590,ENSMUSG00000064177,ENSMUSG00000067656,ENSMUSG00000073988,ENSMUSG00000074139,ENSMUSG00000075044,ENSMUSG00000078937,ENSMUSG00000078964,ENSMUSG00000079262","downregulated"
"14","lipid transport",2,"query_1",TRUE,2.8973900933126e-13,430,102,20,0.196078431372549,0.0465116279069767,"GO:0006869","GO:BP",27543,2815,"c(""GO:0010876"", ""GO:0071702"")","ISO,ISO IEA,IMP,ISO,ISO IBA IEA,IDA IMP ISO IC IEA,IMP ISS ISO IBA IEA,IDA,ISO IBA IEA,IDA IMP IBA IEA,IMP ISO IBA IEA,IEA,IDA IMP ISS ISO IBA IEA,IDA IPI IBA,IEA,IDA IMP ISO IC IEA,IGI IEA,ISO IBA IEA,ISO,ISO","ENSMUSG00000000049,ENSMUSG00000002588,ENSMUSG00000006574,ENSMUSG00000012705,ENSMUSG00000021135,ENSMUSG00000024254,ENSMUSG00000027048,ENSMUSG00000028017,ENSMUSG00000030236,ENSMUSG00000030382,ENSMUSG00000032080,ENSMUSG00000032081,ENSMUSG00000032083,ENSMUSG00000035699,ENSMUSG00000037583,ENSMUSG00000040505,ENSMUSG00000047631,ENSMUSG00000054422,ENSMUSG00000056973,ENSMUSG00000057400","downregulated",38,"query_1",TRUE,3.62489608540462e-06,430,779,38,0.0487804878048781,0.0883720930232558,"GO:0006869","GO:BP",27543,2815,"c(""GO:0010876"", ""GO:0071702"")","IDA ISO IBA IEA,IMP,IEA,IDA IBA,ISO IBA IEA,ISS ISO IEA,IDA,ISO IEA,IDA IMP ISO IC IEA,IMP ISO IBA IEA,IEA,IDA ISO IBA IEA,IBA,IGI,IDA,IDA IMP ISO IEA,IDA IMP IBA IEA,ISO,IBA,IBA IEA,IBA,IMP,IEA,IDA IPI IBA IEA,ISO,ISO,ISS ISO,IBA,ISO,IEA,ISO IEA,IEA,IDA,IBA IEA,IEA,ISO IBA TAS IEA,ISO,IBA","ENSMUSG00000004668,ENSMUSG00000006574,ENSMUSG00000015001,ENSMUSG00000020062,ENSMUSG00000021135,ENSMUSG00000022061,ENSMUSG00000022366,ENSMUSG00000024107,ENSMUSG00000024254,ENSMUSG00000024391,ENSMUSG00000024757,ENSMUSG00000027359,ENSMUSG00000027530,ENSMUSG00000028003,ENSMUSG00000028017,ENSMUSG00000028655,ENSMUSG00000030382,ENSMUSG00000031725,ENSMUSG00000032454,ENSMUSG00000035435,ENSMUSG00000041698,ENSMUSG00000052520,ENSMUSG00000052562,ENSMUSG00000053862,ENSMUSG00000054385,ENSMUSG00000056973,ENSMUSG00000057074,ENSMUSG00000058921,ENSMUSG00000061959,ENSMUSG00000063590,ENSMUSG00000064177,ENSMUSG00000067656,ENSMUSG00000073988,ENSMUSG00000074139,ENSMUSG00000075044,ENSMUSG00000078937,ENSMUSG00000078964,ENSMUSG00000079262","downregulated"
"15","lipid transporter activity",93,"query_1",TRUE,5.59681734421593e-07,161,102,10,0.0980392156862745,0.062111801242236,"GO:0005319","GO:MF",25412,1777,"GO:0005215","ISO IBA IEA,IMP ISO IEA,IMP ISS ISO IBA IEA,ISO IBA IEA,IDA ISO IBA IEA,ISO IEA,IDA IMP ISO IEA,IPI,IMP ISO IEA,ISO IEA","ENSMUSG00000021135,ENSMUSG00000024254,ENSMUSG00000027048,ENSMUSG00000030236,ENSMUSG00000030382,ENSMUSG00000032080,ENSMUSG00000032083,ENSMUSG00000035699,ENSMUSG00000040505,ENSMUSG00000054422","downregulated",159,"query_1",TRUE,3.94392690416047e-05,161,789,21,0.026615969581749,0.130434782608696,"GO:0005319","GO:MF",25412,1777,"GO:0005215","IBA,IDA,ISO IBA IEA,IMP ISO IEA,ISO IBA IEA,ISO,IDA IMP ISO IBA IEA,IDA IMP ISO IBA IEA,IDA ISO IBA IEA,IBA,IBA,ISO,IPI,ISO,IBA,ISO,ISO,IDA IBA,ISO IBA IEA,ISO,IBA","ENSMUSG00000004668,ENSMUSG00000020062,ENSMUSG00000021135,ENSMUSG00000024254,ENSMUSG00000024391,ENSMUSG00000024757,ENSMUSG00000027359,ENSMUSG00000028655,ENSMUSG00000030382,ENSMUSG00000035435,ENSMUSG00000041698,ENSMUSG00000052562,ENSMUSG00000053862,ENSMUSG00000054385,ENSMUSG00000058921,ENSMUSG00000063590,ENSMUSG00000067656,ENSMUSG00000073988,ENSMUSG00000074139,ENSMUSG00000075044,ENSMUSG00000079262","downregulated"
"16","monocarboxylic acid binding",107,"query_1",TRUE,0.0215063328967276,94,102,5,0.0490196078431373,0.0531914893617021,"GO:0033293","GO:MF",25412,5484,"GO:0031406","ISO IBA,ISO,ISO IBA IEA,ISO IBA IEA,IBA","ENSMUSG00000021210,ENSMUSG00000024292,ENSMUSG00000029368,ENSMUSG00000054422,ENSMUSG00000070690","downregulated",153,"query_1",TRUE,5.67177281945893e-06,94,789,17,0.0215462610899873,0.180851063829787,"GO:0033293","GO:MF",25412,5484,"GO:0031406","IMP ISO IBA,ISO IBA IEA,ISO,ISO,IBA,ISO IEA,ISO,ISO IBA IEA,IBA,IDA,IBA,ISO IBA,ISO,ISO IEA,ISO IEA,IBA,ISO","ENSMUSG00000021207,ENSMUSG00000021751,ENSMUSG00000022323,ENSMUSG00000024292,ENSMUSG00000027530,ENSMUSG00000028003,ENSMUSG00000028715,ENSMUSG00000029368,ENSMUSG00000029369,ENSMUSG00000031710,ENSMUSG00000032454,ENSMUSG00000033715,ENSMUSG00000057933,ENSMUSG00000062432,ENSMUSG00000063415,ENSMUSG00000070690,ENSMUSG00000090171","downregulated"
"17","monocarboxylic acid metabolic process",32,"query_1",TRUE,0.000295316371006008,649,102,14,0.137254901960784,0.0215716486902928,"GO:0032787","GO:BP",27543,9026,"GO:0019752","IMP,IBA,ISO IBA,IMP ISS ISO IEA,IMP ISS ISO IEA,IMP ISO IBA TAS IEA,ISO IBA IEA,IBA,ISO IEA,ISO IEA,IDA IBA,IDA ISO,ISO,IBA","ENSMUSG00000006574,ENSMUSG00000021210,ENSMUSG00000024292,ENSMUSG00000026272,ENSMUSG00000027048,ENSMUSG00000030382,ENSMUSG00000032080,ENSMUSG00000032083,ENSMUSG00000032310,ENSMUSG00000054422,ENSMUSG00000054827,ENSMUSG00000056973,ENSMUSG00000057400,ENSMUSG00000094806","downregulated",4,"query_1",TRUE,7.86118149094191e-26,649,779,81,0.10397946084724,0.124807395993837,"GO:0032787","GO:BP",27543,9026,"GO:0019752","IEA,IEA,ISS ISO IBA IEA,IMP ISO IEA,IMP IEA,IMP,ISO IBA IEA,TAS,IBA,IDA IBA IEA,ISO IBA IC,IBA TAS IEA,ISO IBA IEA,IMP ISS ISO IBA TAS IEA,IMP,ISO IBA,IEA,IMP,ISO IBA IEA,IEA,ISA IEA,IEA,ISO IBA IEA,IDA IMP ISO IBA TAS IEA,IMP ISO IBA IEA,ISO IEA,ISO IBA IC IEA,ISO IEA,IMP,ISO IBA IEA,ISO IBA IEA,IMP ISO IBA TAS IEA,IBA IEA,IBA IEA,IDA ISO,NAS,IMP,IDA IBA IEA,IBA,IEA,IDA,ISO,IMP ISO IBA IEA,IDA ISS ISO IBA IEA,ISO IEA,IMP ISO IBA IEA,IDA ISO IBA IEA,ISO IEA,IBA,IEA,IEA,IDA ISO IBA IEA,ISO,ISO,ISO,IDA IBA,IDA ISO,ISS ISO,ISO IBA IEA,ISO IEA,ISO,ISO IEA,IMP ISS ISO IBA IEA,ISS ISO IC IEA,ISO IBA IEA,ISO IBA TAS IEA,ISO,ISS ISO IEA,IDA ISO,ISO,IBA IEA,ISO,IMP,ISO,IBA,ISO IBA IEA,ISO IBA,IBA,ISO,IBA,IBA","ENSMUSG00000000673,ENSMUSG00000001155,ENSMUSG00000003809,ENSMUSG00000005373,ENSMUSG00000006542,ENSMUSG00000006574,ENSMUSG00000010651,ENSMUSG00000020774,ENSMUSG00000021207,ENSMUSG00000021228,ENSMUSG00000021416,ENSMUSG00000021620,ENSMUSG00000021751,ENSMUSG00000022853,ENSMUSG00000023019,ENSMUSG00000024292,ENSMUSG00000024892,ENSMUSG00000025059,ENSMUSG00000025197,ENSMUSG00000025815,ENSMUSG00000026189,ENSMUSG00000026866,ENSMUSG00000027199,ENSMUSG00000027359,ENSMUSG00000027513,ENSMUSG00000027870,ENSMUSG00000028307,ENSMUSG00000028553,ENSMUSG00000028655,ENSMUSG00000028712,ENSMUSG00000028715,ENSMUSG00000030382,ENSMUSG00000030945,ENSMUSG00000030972,ENSMUSG00000031725,ENSMUSG00000032066,ENSMUSG00000032114,ENSMUSG00000033533,ENSMUSG00000033715,ENSMUSG00000034456,ENSMUSG00000034875,ENSMUSG00000035780,ENSMUSG00000037071,ENSMUSG00000037542,ENSMUSG00000038641,ENSMUSG00000038754,ENSMUSG00000039653,ENSMUSG00000039783,ENSMUSG00000040650,ENSMUSG00000041653,ENSMUSG00000044788,ENSMUSG00000052392,ENSMUSG00000052520,ENSMUSG00000054052,ENSMUSG00000054385,ENSMUSG00000054474,ENSMUSG00000056973,ENSMUSG00000057074,ENSMUSG00000057880,ENSMUSG00000058022,ENSMUSG00000061959,ENSMUSG00000062432,ENSMUSG00000062908,ENSMUSG00000063415,ENSMUSG00000063929,ENSMUSG00000066072,ENSMUSG00000066097,ENSMUSG00000069805,ENSMUSG00000074028,ENSMUSG00000074639,ENSMUSG00000078937,ENSMUSG00000078964,ENSMUSG00000079262,ENSMUSG00000082932,ENSMUSG00000089675,ENSMUSG00000089678,ENSMUSG00000089943,ENSMUSG00000090171,ENSMUSG00000091813,ENSMUSG00000092008,ENSMUSG00000096852","downregulated"
"18","monocarboxylic acid transmembrane transporter activity",94,"query_1",TRUE,0.000112114210831546,63,102,6,0.0588235294117647,0.0952380952380952,"GO:0008028","GO:MF",25412,1934,"GO:0046943","ISO IBA IEA,IBA,IMP ISS ISO IBA IEA,ISO IBA IEA,IDA IBA IEA,IPI","ENSMUSG00000021135,ENSMUSG00000026220,ENSMUSG00000027048,ENSMUSG00000030236,ENSMUSG00000030382,ENSMUSG00000035699","downregulated",130,"query_1",TRUE,5.68540698623383e-16,63,789,23,0.0291508238276299,0.365079365079365,"GO:0008028","GO:MF",25412,1934,"GO:0046943","IDA,ISS ISO IBA IEA,ISO IBA IEA,ISO,IBA,IDA IBA,IBA,IDA ISO IEA,IEA,IDA IBA IEA,IBA IEA,IBA,IDA IBA,IBA,ISO,IPI,ISO,IBA,ISO,ISO,ISO,ISO,IBA","ENSMUSG00000020062,ENSMUSG00000020102,ENSMUSG00000021135,ENSMUSG00000024757,ENSMUSG00000026220,ENSMUSG00000027359,ENSMUSG00000027896,ENSMUSG00000028655,ENSMUSG00000030109,ENSMUSG00000030382,ENSMUSG00000032988,ENSMUSG00000037762,ENSMUSG00000041644,ENSMUSG00000041698,ENSMUSG00000052562,ENSMUSG00000053862,ENSMUSG00000054385,ENSMUSG00000058921,ENSMUSG00000063590,ENSMUSG00000067656,ENSMUSG00000074028,ENSMUSG00000075044,ENSMUSG00000079262","downregulated"
"19","monocarboxylic acid transport",18,"query_1",TRUE,8.47043604488256e-05,133,102,8,0.0784313725490196,0.0601503759398496,"GO:0015718","GO:BP",27543,5391,"GO:0046942","ISO IBA IEA,IBA,IMP ISS ISO IBA IEA,ISO IBA IEA,IDA IPI ISO IBA IEA,IEA,ISO,ISO","ENSMUSG00000021135,ENSMUSG00000026220,ENSMUSG00000027048,ENSMUSG00000030236,ENSMUSG00000035699,ENSMUSG00000037583,ENSMUSG00000056973,ENSMUSG00000057400","downregulated",17,"query_1",TRUE,3.57609662253592e-12,133,779,27,0.0346598202824134,0.203007518796992,"GO:0015718","GO:BP",27543,5391,"GO:0046942","IEA,IDA IBA IEA,ISS ISO IBA IEA,ISO IBA IEA,IDA,ISO IEA,IEA,IBA,IBA,ISO,IBA IEA,IBA,IEA,IBA,IEA,IDA IPI ISO IBA IEA,ISO,ISO,ISS ISO,IBA,ISO,IEA,IEA,ISO,IEA,ISO,IBA","ENSMUSG00000015001,ENSMUSG00000020062,ENSMUSG00000020102,ENSMUSG00000021135,ENSMUSG00000022366,ENSMUSG00000024107,ENSMUSG00000024757,ENSMUSG00000026220,ENSMUSG00000027896,ENSMUSG00000031725,ENSMUSG00000032988,ENSMUSG00000037762,ENSMUSG00000041644,ENSMUSG00000041698,ENSMUSG00000052562,ENSMUSG00000053862,ENSMUSG00000054385,ENSMUSG00000056973,ENSMUSG00000057074,ENSMUSG00000058921,ENSMUSG00000061959,ENSMUSG00000063590,ENSMUSG00000067656,ENSMUSG00000074028,ENSMUSG00000075044,ENSMUSG00000078964,ENSMUSG00000079262","downregulated"
"20","olefinic compound metabolic process",63,"query_1",TRUE,0.0108982482808742,178,102,7,0.0686274509803922,0.0393258426966292,"GO:0120254","GO:BP",27543,22899,"GO:0071704","IBA,ISO IBA,ISS ISO IEA,IEA,IDA IBA,IEA,IBA","ENSMUSG00000021210,ENSMUSG00000024292,ENSMUSG00000032310,ENSMUSG00000040134,ENSMUSG00000054827,ENSMUSG00000056973,ENSMUSG00000094806","downregulated",23,"query_1",TRUE,3.79245762294007e-08,178,779,26,0.0333761232349166,0.146067415730337,"GO:0120254","GO:BP",27543,22899,"GO:0071704","ISS ISO IBA IEA,IBA,ISO IBA,ISO IBA IEA,IMP IGI ISS ISO IEA,ISO IBA,ISO IBA,IEA,IGI IBA NAS,IEA,IBA,ISS ISO IC IEA,IBA,ISO,ISO,IEA,IEA,ISO IBA,ISO IBA,ISO,ISO,ISO,IBA,ISO,ISO,IBA","ENSMUSG00000003555,ENSMUSG00000021207,ENSMUSG00000024292,ENSMUSG00000025197,ENSMUSG00000028003,ENSMUSG00000028712,ENSMUSG00000028715,ENSMUSG00000031725,ENSMUSG00000032066,ENSMUSG00000033122,ENSMUSG00000033715,ENSMUSG00000037542,ENSMUSG00000040650,ENSMUSG00000052520,ENSMUSG00000054052,ENSMUSG00000056973,ENSMUSG00000061959,ENSMUSG00000063929,ENSMUSG00000066072,ENSMUSG00000066097,ENSMUSG00000074639,ENSMUSG00000082932,ENSMUSG00000092008,ENSMUSG00000095143,ENSMUSG00000095388,ENSMUSG00000096852","downregulated"
"21","organic acid binding",98,"query_1",TRUE,0.00138136997173207,150,102,7,0.0686274509803922,0.0466666666666667,"GO:0043177","GO:MF",25412,6769,"GO:0036094","ISS ISO,ISO,ISO IEA,ISO IEA,ISO,ISO,ISO IEA","ENSMUSG00000022304,ENSMUSG00000024292,ENSMUSG00000025991,ENSMUSG00000026272,ENSMUSG00000035745,ENSMUSG00000037798,ENSMUSG00000054422","downregulated",154,"query_1",TRUE,1.10706463537826e-05,150,789,21,0.026615969581749,0.14,"GO:0043177","GO:MF",25412,6769,"GO:0036094","IEA,IDA ISO IBA IEA,ISO IEA,ISO,IMP,ISS ISO,ISO,IBA IEA,ISO,ISO IEA,ISO,ISO,ISO IEA,ISO,IDA,ISO IEA,ISO IEA,IBA,IBA,ISO IEA,ISO","ENSMUSG00000001155,ENSMUSG00000002769,ENSMUSG00000003526,ENSMUSG00000020051,ENSMUSG00000021207,ENSMUSG00000022304,ENSMUSG00000024292,ENSMUSG00000024827,ENSMUSG00000026691,ENSMUSG00000028003,ENSMUSG00000028715,ENSMUSG00000035745,ENSMUSG00000039579,ENSMUSG00000042102,ENSMUSG00000054474,ENSMUSG00000062432,ENSMUSG00000063415,ENSMUSG00000073063,ENSMUSG00000073940,ENSMUSG00000076441,ENSMUSG00000090171","downregulated"
"22","organic acid catabolic process",57,"query_1",TRUE,0.00882773259036546,245,102,8,0.0784313725490196,0.0326530612244898,"GO:0016054","GO:BP",27543,5654,"c(""GO:0006082"", ""GO:0044248"", ""GO:0044282"", ""GO:1901575"")","ISO IEA,ISO IBA,ISO IEA,IMP,ISS ISO IBA IEA,ISS ISO IEA,ISO IEA,IDA","ENSMUSG00000002588,ENSMUSG00000024292,ENSMUSG00000026272,ENSMUSG00000027048,ENSMUSG00000029445,ENSMUSG00000037798,ENSMUSG00000054422,ENSMUSG00000056973","downregulated",7,"query_1",TRUE,5.47926341195978e-20,245,779,45,0.0577663671373556,0.183673469387755,"GO:0016054","GO:BP",27543,5654,"c(""GO:0006082"", ""GO:0044248"", ""GO:0044282"", ""GO:1901575"")","IEA,TAS IEA,IBA IEA,ISS ISO IBA IEA,ISO IBA,IDA IBA IEA,IEA,ISO IBA IEA,ISO IC,ISO IBA IEA,IBA IEA,IMP ISS ISO IBA TAS IEA,ISO IBA,ISS ISO IBA IEA,ISS ISO,ISO,IEA,IMP ISO IBA IEA,IBA,IMP,IEA,IEA,ISS ISO IBA IEA,IDA IEA,IDA IMP ISO IBA IEA,IDA,ISO IBA IEA,IDA,IBA IEA,IEA,IEA,IEA,ISO IEA,IDA IBA,IDA,IEA,IBA,ISO IEA,ISO IEA,IMP ISS ISO IBA IEA,ISO IC IEA,IEA,IEA,IEA,ISO IBA IEA","ENSMUSG00000000673,ENSMUSG00000001155,ENSMUSG00000003526,ENSMUSG00000003809,ENSMUSG00000010651,ENSMUSG00000017718,ENSMUSG00000020051,ENSMUSG00000021238,ENSMUSG00000021416,ENSMUSG00000021751,ENSMUSG00000022821,ENSMUSG00000022853,ENSMUSG00000024292,ENSMUSG00000024827,ENSMUSG00000025911,ENSMUSG00000026348,ENSMUSG00000026866,ENSMUSG00000027359,ENSMUSG00000027513,ENSMUSG00000028655,ENSMUSG00000028712,ENSMUSG00000028715,ENSMUSG00000029445,ENSMUSG00000029695,ENSMUSG00000031549,ENSMUSG00000031725,ENSMUSG00000034456,ENSMUSG00000034875,ENSMUSG00000036892,ENSMUSG00000037542,ENSMUSG00000038641,ENSMUSG00000039783,ENSMUSG00000052392,ENSMUSG00000054474,ENSMUSG00000056973,ENSMUSG00000057228,ENSMUSG00000057880,ENSMUSG00000058022,ENSMUSG00000062432,ENSMUSG00000062908,ENSMUSG00000063415,ENSMUSG00000063929,ENSMUSG00000066072,ENSMUSG00000078937,ENSMUSG00000089678","downregulated"
"23","organic acid metabolic process",6,"query_1",TRUE,2.09343883147915e-08,982,102,22,0.215686274509804,0.0224032586558045,"GO:0006082","GO:BP",27543,2114,"c(""GO:0044237"", ""GO:0044281"", ""GO:0071704"")","ISO IEA,IMP,IBA,ISS ISO,ISO IBA,ISO IBA IEA,IMP ISS ISO IBA IEA,IMP ISS ISO IEA,ISS ISO IBA IEA,IMP ISO IBA TAS IEA,ISO IBA IEA,IBA,ISO IEA,IEA,ISS ISO IEA,ISO IEA,IDA IBA,IDA ISO,ISO,IDA ISO IEA,ISO,IBA","ENSMUSG00000002588,ENSMUSG00000006574,ENSMUSG00000021210,ENSMUSG00000022304,ENSMUSG00000024292,ENSMUSG00000025991,ENSMUSG00000026272,ENSMUSG00000027048,ENSMUSG00000029445,ENSMUSG00000030382,ENSMUSG00000032080,ENSMUSG00000032083,ENSMUSG00000032310,ENSMUSG00000034785,ENSMUSG00000037798,ENSMUSG00000054422,ENSMUSG00000054827,ENSMUSG00000056973,ENSMUSG00000057400,ENSMUSG00000074768,ENSMUSG00000078798,ENSMUSG00000094806","downregulated",1,"query_1",TRUE,6.69951645967659e-40,982,779,121,0.155327342747112,0.123217922606925,"GO:0006082","GO:BP",27543,2114,"c(""GO:0044237"", ""GO:0044281"", ""GO:0071704"")","ISS ISO IBA IEA,TAS IEA,IMP ISO IBA,IBA IEA,ISS ISO IBA IEA,IMP ISO IEA,IMP ISS,IMP IEA,IMP,ISO IBA IEA,IDA IBA IEA,ISS ISO IBA IEA,ISO IBA IEA,TAS,IBA,IDA IBA IEA,ISO IBA IEA,ISO IBA IC,IEA,IBA TAS IEA,ISO IBA IEA,ISS ISO,IMP IBA IEA,IMP ISS ISO IBA TAS IEA,IMP,IBA,IEA,ISO IBA,ISO,ISS ISO IBA IEA,IEA,IDA ISO IBA IEA,IMP,ISO IBA IEA,IEA,ISS ISO,IBA IEA,ISA IEA,ISS ISO IEA,IEA,ISO IBA IEA,IDA IMP ISO IBA TAS IEA,IMP ISO IBA IEA,ISO IEA,ISS ISO IBA IEA,ISO IBA IC IEA,ISO IEA,IMP,ISO IBA IEA,ISO IBA IEA,ISO IEA,ISS ISO IBA IEA,IDA IBA IEA,IMP ISO IBA TAS IEA,ISO IEA,IBA IEA,IBA IEA,IDA IMP ISO IBA IEA,IDA ISO,NAS,IMP,ISS ISO IBA IEA,IDA IBA IEA,IBA,ISO IBA IEA,IEA,IDA,ISO,ISS ISO IEA,IBA IEA,IDA IMP IGI ISO IBA IEA,IDA ISS ISO IBA IEA,ISO IEA,ISO IEA,ISO IEA,IMP ISO IBA IEA,IMP,IDA ISO IBA IEA,IMP ISO IBA IEA,ISO IEA,ISO IEA,IBA,IEA,ISO IEA,IEA,IDA ISO IBA IEA,ISO IBA,ISO,ISO,IDA IBA,IDA ISO,ISS ISO,ISS ISO IBA IEA,ISO IBA IEA,ISO IEA,IEA,ISO,ISO IEA,IMP ISS ISO IBA IEA,ISS ISO IC IEA,ISO IBA IEA,ISO IBA TAS IEA,ISO IBA,ISS ISO IEA,IDA ISO,ISO,IDA ISO IEA,ISS ISO IBA IEA,IMP,IBA IEA,ISO,IMP,IBA,ISO IBA,IBA,ISO IBA IEA,ISO IBA,IBA,ISO,IBA,IBA","ENSMUSG00000000673,ENSMUSG00000001155,ENSMUSG00000002769,ENSMUSG00000003526,ENSMUSG00000003809,ENSMUSG00000005373,ENSMUSG00000006345,ENSMUSG00000006542,ENSMUSG00000006574,ENSMUSG00000010651,ENSMUSG00000017718,ENSMUSG00000019762,ENSMUSG00000020051,ENSMUSG00000020774,ENSMUSG00000021207,ENSMUSG00000021228,ENSMUSG00000021238,ENSMUSG00000021416,ENSMUSG00000021490,ENSMUSG00000021620,ENSMUSG00000021751,ENSMUSG00000022304,ENSMUSG00000022821,ENSMUSG00000022853,ENSMUSG00000023019,ENSMUSG00000023120,ENSMUSG00000023262,ENSMUSG00000024292,ENSMUSG00000024694,ENSMUSG00000024827,ENSMUSG00000024892,ENSMUSG00000024899,ENSMUSG00000025059,ENSMUSG00000025197,ENSMUSG00000025815,ENSMUSG00000025911,ENSMUSG00000025963,ENSMUSG00000026189,ENSMUSG00000026348,ENSMUSG00000026866,ENSMUSG00000027199,ENSMUSG00000027359,ENSMUSG00000027513,ENSMUSG00000027870,ENSMUSG00000028179,ENSMUSG00000028307,ENSMUSG00000028553,ENSMUSG00000028655,ENSMUSG00000028712,ENSMUSG00000028715,ENSMUSG00000029269,ENSMUSG00000029445,ENSMUSG00000029695,ENSMUSG00000030382,ENSMUSG00000030562,ENSMUSG00000030945,ENSMUSG00000030972,ENSMUSG00000031549,ENSMUSG00000031725,ENSMUSG00000032066,ENSMUSG00000032114,ENSMUSG00000033427,ENSMUSG00000033533,ENSMUSG00000033715,ENSMUSG00000034456,ENSMUSG00000034785,ENSMUSG00000034875,ENSMUSG00000035780,ENSMUSG00000036083,ENSMUSG00000036892,ENSMUSG00000037071,ENSMUSG00000037542,ENSMUSG00000037686,ENSMUSG00000037762,ENSMUSG00000038641,ENSMUSG00000038754,ENSMUSG00000039438,ENSMUSG00000039653,ENSMUSG00000039783,ENSMUSG00000040170,ENSMUSG00000040181,ENSMUSG00000040650,ENSMUSG00000041653,ENSMUSG00000042118,ENSMUSG00000044788,ENSMUSG00000052392,ENSMUSG00000052520,ENSMUSG00000054052,ENSMUSG00000054385,ENSMUSG00000054474,ENSMUSG00000056973,ENSMUSG00000057074,ENSMUSG00000057228,ENSMUSG00000057880,ENSMUSG00000058022,ENSMUSG00000061742,ENSMUSG00000061959,ENSMUSG00000062432,ENSMUSG00000062908,ENSMUSG00000063415,ENSMUSG00000063929,ENSMUSG00000066072,ENSMUSG00000066097,ENSMUSG00000069805,ENSMUSG00000074028,ENSMUSG00000074639,ENSMUSG00000074768,ENSMUSG00000076441,ENSMUSG00000078650,ENSMUSG00000078937,ENSMUSG00000078964,ENSMUSG00000079262,ENSMUSG00000081362,ENSMUSG00000082932,ENSMUSG00000089675,ENSMUSG00000089678,ENSMUSG00000089943,ENSMUSG00000090171,ENSMUSG00000091813,ENSMUSG00000092008,ENSMUSG00000096852","downregulated"
"24","organic acid transmembrane transporter activity",112,"query_1",TRUE,0.0313751491461327,166,102,6,0.0588235294117647,0.036144578313253,"GO:0005342","GO:MF",25412,1792,"GO:0022857","ISO IBA IEA,IBA,IMP ISS ISO IBA IEA,ISO IBA IEA,IDA IBA IEA,IPI","ENSMUSG00000021135,ENSMUSG00000026220,ENSMUSG00000027048,ENSMUSG00000030236,ENSMUSG00000030382,ENSMUSG00000035699","downregulated",129,"query_1",TRUE,2.25318704666958e-16,166,789,35,0.0443599493029151,0.210843373493976,"GO:0005342","GO:MF",25412,1792,"GO:0022857","IDA ISO IEA,ISO IEA,IDA ISO IBA IEA,IDA IBA,IDA IBA,ISS ISO IBA IEA,ISO IBA IEA,IDA ISO IEA,IDA IMP ISS ISO IEA,ISO,IBA,IDA IBA,IBA,IDA ISO IEA,IEA,IDA IBA IEA,IBA IEA,IBA,IDA IBA,IBA,ISO IBA IEA,ISO IEA,IBA,IDA IBA,IBA,IDA ISO IBA,ISO,IPI,ISO,IBA,ISO,ISO,ISO,ISO,IBA","ENSMUSG00000001095,ENSMUSG00000010122,ENSMUSG00000018459,ENSMUSG00000019894,ENSMUSG00000020062,ENSMUSG00000020102,ENSMUSG00000021135,ENSMUSG00000021565,ENSMUSG00000024354,ENSMUSG00000024757,ENSMUSG00000026220,ENSMUSG00000027359,ENSMUSG00000027896,ENSMUSG00000028655,ENSMUSG00000030109,ENSMUSG00000030382,ENSMUSG00000032988,ENSMUSG00000037762,ENSMUSG00000039710,ENSMUSG00000040441,ENSMUSG00000040569,ENSMUSG00000040966,ENSMUSG00000041052,ENSMUSG00000041644,ENSMUSG00000041698,ENSMUSG00000052026,ENSMUSG00000052562,ENSMUSG00000053862,ENSMUSG00000054385,ENSMUSG00000058921,ENSMUSG00000063590,ENSMUSG00000067656,ENSMUSG00000074028,ENSMUSG00000075044,ENSMUSG00000079262","downregulated"
"25","organic anion transport",34,"query_1",TRUE,0.00039888551953362,379,102,11,0.107843137254902,0.029023746701847,"GO:0015711","GO:BP",27543,5384,"c(""GO:0006820"", ""GO:0071702"")","IDA ISS ISO IBA IEA,ISO IBA IEA,IBA,IMP,IMP ISS ISO IBA IEA,ISO IBA IEA,IDA IPI ISO IBA IEA,IEA,ISO,ISO,IEA","ENSMUSG00000006574,ENSMUSG00000021135,ENSMUSG00000026220,ENSMUSG00000026272,ENSMUSG00000027048,ENSMUSG00000030236,ENSMUSG00000035699,ENSMUSG00000037583,ENSMUSG00000056973,ENSMUSG00000057400,ENSMUSG00000067144","downregulated",5,"query_1",TRUE,2.14695988084647e-21,379,779,57,0.0731707317073171,0.150395778364116,"GO:0015711","GO:BP",27543,5384,"c(""GO:0006820"", ""GO:0071702"")","IDA ISO IEA,ISS ISO IEA,IDA ISS ISO IBA IEA,ISO IEA,IEA,ISO,IMP,IDA ISO IBA IEA,IDA,IDA IBA IEA,ISS ISO IBA IEA,ISO IBA IEA,IDA IBA,ISO IEA,IDA IMP ISS ISO IEA,IMP ISS ISO IBA IEA,IDA IBA IEA,IBA,IMP,IBA,IEA,IEA,ISS ISO IEA,ISO,IBA IEA,ISS ISO IBA IEA,IBA,IBA,IEA,ISO IEA,IEA,IMP ISO IEA,ISO IBA,ISO IEA,IDA,IEA,IDA IBA IEA,ISO IEA,ISO,IBA IEA,IDA IPI ISO IBA IEA,ISO,ISO,ISS ISO,ISO IEA,IBA,IEA,ISO,IBA IEA,ISO,IEA,IBA IEA,IEA,ISO,IBA IEA,ISO,IBA","ENSMUSG00000001095,ENSMUSG00000002346,ENSMUSG00000006574,ENSMUSG00000010122,ENSMUSG00000015001,ENSMUSG00000015401,ENSMUSG00000017412,ENSMUSG00000018459,ENSMUSG00000019894,ENSMUSG00000020062,ENSMUSG00000020102,ENSMUSG00000021135,ENSMUSG00000022366,ENSMUSG00000024107,ENSMUSG00000024354,ENSMUSG00000024650,ENSMUSG00000024757,ENSMUSG00000026220,ENSMUSG00000027070,ENSMUSG00000027896,ENSMUSG00000028655,ENSMUSG00000030109,ENSMUSG00000030834,ENSMUSG00000031725,ENSMUSG00000032988,ENSMUSG00000036083,ENSMUSG00000036110,ENSMUSG00000037762,ENSMUSG00000039710,ENSMUSG00000039783,ENSMUSG00000040441,ENSMUSG00000040569,ENSMUSG00000040693,ENSMUSG00000040966,ENSMUSG00000041052,ENSMUSG00000041644,ENSMUSG00000041698,ENSMUSG00000044014,ENSMUSG00000052026,ENSMUSG00000052562,ENSMUSG00000053862,ENSMUSG00000054385,ENSMUSG00000056973,ENSMUSG00000057074,ENSMUSG00000057880,ENSMUSG00000058921,ENSMUSG00000061742,ENSMUSG00000061959,ENSMUSG00000063590,ENSMUSG00000063796,ENSMUSG00000067144,ENSMUSG00000067656,ENSMUSG00000070280,ENSMUSG00000074028,ENSMUSG00000075044,ENSMUSG00000078964,ENSMUSG00000079262","downregulated"
"26","organic hydroxy compound metabolic process",17,"query_1",TRUE,4.79141495694324e-05,560,102,14,0.137254901960784,0.025,"GO:1901615","GO:BP",27543,24894,"GO:0071704","IMP TAS,IBA,ISO IBA,IMP ISS ISO IEA,IMP ISO IBA IEA,ISO IBA IEA,IMP IGI ISO IBA IEA,ISS ISO IEA,IEA,IMP IBA IEA,IEA,ISO IEA,ISO,ISS ISO","ENSMUSG00000002588,ENSMUSG00000021210,ENSMUSG00000024292,ENSMUSG00000027048,ENSMUSG00000030382,ENSMUSG00000032080,ENSMUSG00000032083,ENSMUSG00000032310,ENSMUSG00000040134,ENSMUSG00000047631,ENSMUSG00000052396,ENSMUSG00000056973,ENSMUSG00000057400,ENSMUSG00000078798","downregulated",20,"query_1",TRUE,4.82651052462124e-09,560,779,50,0.0641848523748395,0.0892857142857143,"GO:1901615","GO:BP",27543,24894,"GO:0071704","ISO IBA TAS IEA,ISO,ISS ISO IBA IEA,IBA,IEA,ISS ISO IBA IEA,IMP,IDA,ISO IBA,IMP ISO IBA IEA,ISO IBA IEA,IEA,IDA ISO IBA IEA,ISO IBA IEA,IMP ISO IBA IEA,ISO,IMP IGI ISS ISO IEA,ISO IEA,IEA,IEA,IDA ISO IEA,IEA,IMP ISO IBA IEA,ISO IEA,IMP,IEA,IBA,ISO IEA,IDA ISO IEA,IBA IEA,IDA,IEA,ISO,ISO IEA,ISS ISO,ISO IEA,ISO IEA,ISO IEA,IBA,IBA,IEA,IEA,IMP,IMP ISO IBA IEA,ISO,IMP ISO IBA,ISO,IMP,IMP IBA,ISO","ENSMUSG00000001467,ENSMUSG00000010651,ENSMUSG00000019762,ENSMUSG00000021207,ENSMUSG00000021490,ENSMUSG00000022613,ENSMUSG00000023019,ENSMUSG00000024107,ENSMUSG00000024292,ENSMUSG00000025059,ENSMUSG00000026189,ENSMUSG00000026726,ENSMUSG00000027227,ENSMUSG00000027359,ENSMUSG00000027513,ENSMUSG00000027870,ENSMUSG00000028003,ENSMUSG00000028553,ENSMUSG00000028712,ENSMUSG00000028715,ENSMUSG00000029269,ENSMUSG00000029273,ENSMUSG00000030382,ENSMUSG00000031725,ENSMUSG00000032114,ENSMUSG00000033122,ENSMUSG00000033715,ENSMUSG00000038641,ENSMUSG00000039653,ENSMUSG00000050553,ENSMUSG00000051159,ENSMUSG00000052396,ENSMUSG00000054052,ENSMUSG00000056973,ENSMUSG00000057074,ENSMUSG00000057880,ENSMUSG00000058488,ENSMUSG00000061959,ENSMUSG00000062432,ENSMUSG00000063415,ENSMUSG00000063929,ENSMUSG00000066072,ENSMUSG00000071679,ENSMUSG00000073988,ENSMUSG00000074639,ENSMUSG00000078919,ENSMUSG00000078964,ENSMUSG00000079262,ENSMUSG00000089774,ENSMUSG00000089943","downregulated"
"27","organic hydroxy compound transmembrane transporter activity",108,"query_1",TRUE,0.0228993594715879,48,102,4,0.0392156862745098,0.0833333333333333,"GO:1901618","GO:MF",25412,12009,"GO:0022857","ISO IBA IEA,IMP ISS ISO IBA IEA,ISO IBA IEA,IPI","ENSMUSG00000021135,ENSMUSG00000027048,ENSMUSG00000030236,ENSMUSG00000035699","downregulated",158,"query_1",TRUE,2.37693520787988e-05,48,789,12,0.0152091254752852,0.25,"GO:1901618","GO:MF",25412,12009,"GO:0022857","IDA,ISS ISO IEA,ISO IBA IEA,IEA,ISO IBA,IDA IBA,IBA,ISS ISO IEA,IPI,ISO,IBA,IBA","ENSMUSG00000020062,ENSMUSG00000020102,ENSMUSG00000021135,ENSMUSG00000032988,ENSMUSG00000036330,ENSMUSG00000041644,ENSMUSG00000041698,ENSMUSG00000042797,ENSMUSG00000053862,ENSMUSG00000054385,ENSMUSG00000058921,ENSMUSG00000079262","downregulated"
"28","organic hydroxy compound transport",4,"query_1",TRUE,1.01260160939041e-08,292,102,14,0.137254901960784,0.0479452054794521,"GO:0015850","GO:BP",27543,5513,"GO:0071702","ISO IEA,ISO IBA IEA,IDA IMP ISO IC IEA,IMP ISS ISO IBA IEA,IDA,ISO IBA IEA,IMP ISO IBA IEA,IDA IMP ISS ISO IBA IEA,IDA IPI IBA,IEA,IDA IMP ISO IC IEA,IGI,ISO,ISO","ENSMUSG00000002588,ENSMUSG00000021135,ENSMUSG00000024254,ENSMUSG00000027048,ENSMUSG00000028017,ENSMUSG00000030236,ENSMUSG00000032080,ENSMUSG00000032083,ENSMUSG00000035699,ENSMUSG00000037583,ENSMUSG00000040505,ENSMUSG00000047631,ENSMUSG00000056973,ENSMUSG00000057400","downregulated",69,"query_1",TRUE,0.00153019764125802,292,779,26,0.0333761232349166,0.089041095890411,"GO:0015850","GO:BP",27543,5513,"GO:0071702","IDA ISO,IEA,ISS ISO IEA,ISO IBA IEA,IDA IMP ISO IC IEA,IMP ISO IBA IEA,IMP,IDA,ISO,IEA,ISO,ISO IEA,IEA,IBA,ISS IEA,IDA IPI IBA IEA,ISO,ISO,ISS ISO,ISO IEA,IBA,ISO,ISO IEA,ISO,IBA,IMP IBA IEA","ENSMUSG00000004668,ENSMUSG00000020062,ENSMUSG00000020102,ENSMUSG00000021135,ENSMUSG00000024254,ENSMUSG00000024391,ENSMUSG00000027577,ENSMUSG00000028017,ENSMUSG00000031725,ENSMUSG00000032988,ENSMUSG00000036330,ENSMUSG00000040966,ENSMUSG00000041644,ENSMUSG00000041698,ENSMUSG00000042797,ENSMUSG00000053862,ENSMUSG00000054385,ENSMUSG00000056973,ENSMUSG00000057074,ENSMUSG00000057880,ENSMUSG00000058921,ENSMUSG00000061959,ENSMUSG00000064177,ENSMUSG00000078964,ENSMUSG00000079262,ENSMUSG00000089774","downregulated"
"29","oxoacid metabolic process",5,"query_1",TRUE,1.21650097826404e-08,955,102,22,0.215686274509804,0.0230366492146597,"GO:0043436","GO:BP",27543,12315,"GO:0006082","ISO IEA,IMP,IBA,ISS ISO,ISO IBA,ISO IBA IEA,IMP ISS ISO IBA IEA,IMP ISS ISO IEA,ISS ISO IBA IEA,IMP ISO IBA TAS IEA,ISO IBA IEA,IBA,ISO IEA,IEA,ISS ISO IEA,ISO IEA,IDA IBA,IDA ISO,ISO,IDA ISO IEA,ISO,IBA","ENSMUSG00000002588,ENSMUSG00000006574,ENSMUSG00000021210,ENSMUSG00000022304,ENSMUSG00000024292,ENSMUSG00000025991,ENSMUSG00000026272,ENSMUSG00000027048,ENSMUSG00000029445,ENSMUSG00000030382,ENSMUSG00000032080,ENSMUSG00000032083,ENSMUSG00000032310,ENSMUSG00000034785,ENSMUSG00000037798,ENSMUSG00000054422,ENSMUSG00000054827,ENSMUSG00000056973,ENSMUSG00000057400,ENSMUSG00000074768,ENSMUSG00000078798,ENSMUSG00000094806","downregulated",2,"query_1",TRUE,5.6307563383173e-36,955,779,114,0.146341463414634,0.119371727748691,"GO:0043436","GO:BP",27543,12315,"GO:0006082","ISS ISO IBA IEA,TAS IEA,IMP ISO IBA,IBA IEA,ISS ISO IBA IEA,IMP ISO IEA,IMP ISS,IMP IEA,IMP,ISO IBA IEA,IDA IBA IEA,ISS ISO IBA IEA,ISO IBA IEA,TAS,IBA,IDA IBA IEA,ISO IBA IEA,ISO IBA IC,IEA,IBA TAS IEA,ISO IBA IEA,ISS ISO,IMP IBA IEA,IMP ISS ISO IBA TAS IEA,IMP,IBA,IEA,ISO IBA,ISO,ISS ISO IBA IEA,IEA,IDA ISO IBA IEA,IMP,ISO IBA IEA,IEA,ISS ISO,IBA IEA,ISA IEA,ISS ISO IEA,IEA,ISO IBA IEA,IDA IMP ISO IBA TAS IEA,IMP ISO IBA IEA,ISO IEA,ISS ISO IBA IEA,ISO IBA IC IEA,ISO IEA,IMP,ISO IBA IEA,ISO IBA IEA,ISO IEA,ISS ISO IBA IEA,IDA IBA IEA,IMP ISO IBA TAS IEA,ISO IEA,IBA IEA,IBA IEA,IDA IMP ISO IBA IEA,IDA ISO,NAS,IMP,ISS ISO IBA IEA,IDA IBA IEA,IBA,ISO IBA IEA,IEA,IDA,ISO,IBA IEA,IMP ISO IBA IEA,IDA ISS ISO IBA IEA,ISO IEA,ISO IEA,IMP ISO IBA IEA,IMP,IDA ISO IBA IEA,IMP ISO IBA IEA,IBA,IEA,ISO IEA,IEA,IDA ISO IBA IEA,ISO,ISO,ISO,IDA IBA,IDA ISO,ISS ISO,ISS ISO IBA IEA,ISO IBA IEA,ISO IEA,ISO,ISO IEA,IMP ISS ISO IBA IEA,ISS ISO IC IEA,ISO IBA IEA,ISO IBA TAS IEA,ISO,ISS ISO IEA,IDA ISO,ISO,IDA ISO IEA,ISS ISO IBA IEA,IBA IEA,ISO,IMP,ISO,IBA,ISO IBA IEA,ISO IBA,IBA,ISO,IBA,IBA","ENSMUSG00000000673,ENSMUSG00000001155,ENSMUSG00000002769,ENSMUSG00000003526,ENSMUSG00000003809,ENSMUSG00000005373,ENSMUSG00000006345,ENSMUSG00000006542,ENSMUSG00000006574,ENSMUSG00000010651,ENSMUSG00000017718,ENSMUSG00000019762,ENSMUSG00000020051,ENSMUSG00000020774,ENSMUSG00000021207,ENSMUSG00000021228,ENSMUSG00000021238,ENSMUSG00000021416,ENSMUSG00000021490,ENSMUSG00000021620,ENSMUSG00000021751,ENSMUSG00000022304,ENSMUSG00000022821,ENSMUSG00000022853,ENSMUSG00000023019,ENSMUSG00000023120,ENSMUSG00000023262,ENSMUSG00000024292,ENSMUSG00000024694,ENSMUSG00000024827,ENSMUSG00000024892,ENSMUSG00000024899,ENSMUSG00000025059,ENSMUSG00000025197,ENSMUSG00000025815,ENSMUSG00000025911,ENSMUSG00000025963,ENSMUSG00000026189,ENSMUSG00000026348,ENSMUSG00000026866,ENSMUSG00000027199,ENSMUSG00000027359,ENSMUSG00000027513,ENSMUSG00000027870,ENSMUSG00000028179,ENSMUSG00000028307,ENSMUSG00000028553,ENSMUSG00000028655,ENSMUSG00000028712,ENSMUSG00000028715,ENSMUSG00000029269,ENSMUSG00000029445,ENSMUSG00000029695,ENSMUSG00000030382,ENSMUSG00000030562,ENSMUSG00000030945,ENSMUSG00000030972,ENSMUSG00000031549,ENSMUSG00000031725,ENSMUSG00000032066,ENSMUSG00000032114,ENSMUSG00000033427,ENSMUSG00000033533,ENSMUSG00000033715,ENSMUSG00000034456,ENSMUSG00000034785,ENSMUSG00000034875,ENSMUSG00000035780,ENSMUSG00000036892,ENSMUSG00000037071,ENSMUSG00000037542,ENSMUSG00000037686,ENSMUSG00000038641,ENSMUSG00000038754,ENSMUSG00000039438,ENSMUSG00000039653,ENSMUSG00000039783,ENSMUSG00000040650,ENSMUSG00000041653,ENSMUSG00000042118,ENSMUSG00000044788,ENSMUSG00000052392,ENSMUSG00000052520,ENSMUSG00000054052,ENSMUSG00000054385,ENSMUSG00000054474,ENSMUSG00000056973,ENSMUSG00000057074,ENSMUSG00000057228,ENSMUSG00000057880,ENSMUSG00000058022,ENSMUSG00000061959,ENSMUSG00000062432,ENSMUSG00000062908,ENSMUSG00000063415,ENSMUSG00000063929,ENSMUSG00000066072,ENSMUSG00000066097,ENSMUSG00000069805,ENSMUSG00000074028,ENSMUSG00000074639,ENSMUSG00000074768,ENSMUSG00000076441,ENSMUSG00000078937,ENSMUSG00000078964,ENSMUSG00000079262,ENSMUSG00000082932,ENSMUSG00000089675,ENSMUSG00000089678,ENSMUSG00000089943,ENSMUSG00000090171,ENSMUSG00000091813,ENSMUSG00000092008,ENSMUSG00000096852","downregulated"
"30","regulation of bile acid secretion",23,"query_1",TRUE,0.000135608456962506,11,102,4,0.0392156862745098,0.363636363636364,"GO:0120188","GO:BP",27543,22865,"c(""GO:0032782"", ""GO:0044070"", ""GO:0051046"")","IEA,IMP IEA,ISO,ISO","ENSMUSG00000021135,ENSMUSG00000027048,ENSMUSG00000056973,ENSMUSG00000057400","downregulated",67,"query_1",TRUE,0.00104868249674368,11,779,6,0.00770218228498074,0.545454545454545,"GO:0120188","GO:BP",27543,22865,"c(""GO:0032782"", ""GO:0044070"", ""GO:0051046"")","IEA,ISO,ISO,ISS ISO,ISO,ISO","ENSMUSG00000021135,ENSMUSG00000031725,ENSMUSG00000056973,ENSMUSG00000057074,ENSMUSG00000061959,ENSMUSG00000078964","downregulated"
"31","response to xenobiotic stimulus",50,"query_1",TRUE,0.00467656070111094,487,102,11,0.107843137254902,0.0225872689938398,"GO:0009410","GO:BP",27543,3915,"GO:0042221","IEA,ISO,IEA,IEA,ISS ISO IEA,IEA,IMP ISO IEA,IEA,IBA,ISO,IBA","ENSMUSG00000021135,ENSMUSG00000021210,ENSMUSG00000024254,ENSMUSG00000025991,ENSMUSG00000027048,ENSMUSG00000030236,ENSMUSG00000032310,ENSMUSG00000040505,ENSMUSG00000054827,ENSMUSG00000078798,ENSMUSG00000094806","downregulated",62,"query_1",TRUE,0.000332998868510818,487,779,37,0.0474967907573813,0.0759753593429158,"GO:0009410","GO:BP",27543,3915,"GO:0042221","IBA,IEA,IEA,IEA,IEA,IEA,IEA,IEA,IBA,ISO,IMP,IEA,IEA,IEA,ISO IEA,ISO IEA,IMP,ISO IBA,IBA,ISO IEA,ISO IBA,IEA,IEA,ISS ISO IEA,IEA,IEA,IBA,ISS ISO IEA,IEA,IMP,IBA,IBA,IBA,IBA,IBA,IBA,IBA","ENSMUSG00000010651,ENSMUSG00000021135,ENSMUSG00000021490,ENSMUSG00000022061,ENSMUSG00000022186,ENSMUSG00000022445,ENSMUSG00000024107,ENSMUSG00000024254,ENSMUSG00000025197,ENSMUSG00000026691,ENSMUSG00000026692,ENSMUSG00000027227,ENSMUSG00000028463,ENSMUSG00000028527,ENSMUSG00000029269,ENSMUSG00000040170,ENSMUSG00000040181,ENSMUSG00000040650,ENSMUSG00000052520,ENSMUSG00000057880,ENSMUSG00000057933,ENSMUSG00000058975,ENSMUSG00000061742,ENSMUSG00000063415,ENSMUSG00000064341,ENSMUSG00000064370,ENSMUSG00000066097,ENSMUSG00000069805,ENSMUSG00000076441,ENSMUSG00000079262,ENSMUSG00000081362,ENSMUSG00000082932,ENSMUSG00000089675,ENSMUSG00000089943,ENSMUSG00000090171,ENSMUSG00000092008,ENSMUSG00000096852","downregulated"
"32","small molecule catabolic process",75,"query_1",TRUE,0.0228430095851557,369,102,9,0.0882352941176471,0.024390243902439,"GO:0044282","GO:BP",27543,12713,"c(""GO:0009056"", ""GO:0044281"")","ISO IEA,ISO IBA,ISO IEA,IMP,ISS ISO IBA IEA,ISS ISO IEA,ISO IEA,IDA,ISO","ENSMUSG00000002588,ENSMUSG00000024292,ENSMUSG00000026272,ENSMUSG00000027048,ENSMUSG00000029445,ENSMUSG00000037798,ENSMUSG00000054422,ENSMUSG00000056973,ENSMUSG00000078798","downregulated",6,"query_1",TRUE,2.34545451719551e-20,369,779,55,0.0706033376123235,0.149051490514905,"GO:0044282","GO:BP",27543,12713,"c(""GO:0009056"", ""GO:0044281"")","IEA,TAS IEA,IBA IEA,ISS ISO IBA IEA,ISO IBA,IDA IBA IEA,IEA,ISO IBA IEA,ISO IC,ISO IBA IEA,IMP IEA,ISS ISO IBA IEA,IBA IEA,IMP ISS ISO IBA TAS IEA,ISO IBA,ISS ISO IBA IEA,IEA,ISS ISO,ISO,ISO,IDA ISO IBA IEA,IEA,ISO IBA IEA,IMP ISO IBA IEA,IBA,IC,IMP,IEA,IEA,ISO IEA,ISS ISO IBA IEA,IDA IEA,IDA IMP ISO IBA IEA,IDA,ISS ISO IEA,ISO IBA IEA,IDA,IBA IEA,IEA,ISO IEA,IEA,IEA,ISO IEA,IDA IBA,IDA,IEA,IBA,ISO IEA,ISO IEA,IMP ISS ISO IBA IEA,ISO IC IEA,IEA,IEA,IEA,ISO IBA IEA","ENSMUSG00000000673,ENSMUSG00000001155,ENSMUSG00000003526,ENSMUSG00000003809,ENSMUSG00000010651,ENSMUSG00000017718,ENSMUSG00000020051,ENSMUSG00000021238,ENSMUSG00000021416,ENSMUSG00000021751,ENSMUSG00000022186,ENSMUSG00000022613,ENSMUSG00000022821,ENSMUSG00000022853,ENSMUSG00000024292,ENSMUSG00000024827,ENSMUSG00000025059,ENSMUSG00000025911,ENSMUSG00000026348,ENSMUSG00000026726,ENSMUSG00000026839,ENSMUSG00000026866,ENSMUSG00000027227,ENSMUSG00000027359,ENSMUSG00000027513,ENSMUSG00000028307,ENSMUSG00000028655,ENSMUSG00000028712,ENSMUSG00000028715,ENSMUSG00000029269,ENSMUSG00000029445,ENSMUSG00000029695,ENSMUSG00000031549,ENSMUSG00000031725,ENSMUSG00000033427,ENSMUSG00000034456,ENSMUSG00000034875,ENSMUSG00000036892,ENSMUSG00000037542,ENSMUSG00000038641,ENSMUSG00000039783,ENSMUSG00000050553,ENSMUSG00000052392,ENSMUSG00000054474,ENSMUSG00000056973,ENSMUSG00000057228,ENSMUSG00000057880,ENSMUSG00000058022,ENSMUSG00000062432,ENSMUSG00000062908,ENSMUSG00000063415,ENSMUSG00000063929,ENSMUSG00000066072,ENSMUSG00000078937,ENSMUSG00000089678","downregulated"
"33","steroid metabolic process",13,"query_1",TRUE,7.36157225844207e-06,325,102,12,0.117647058823529,0.0369230769230769,"GO:0008202","GO:BP",27543,3543,"c(""GO:0006629"", ""GO:1901360"")","IMP TAS,IDA IBA IEA,IMP ISS ISO IEA,IMP ISO IBA IEA,ISO IBA IEA,IMP IGI ISO IBA IEA,ISS ISO IEA,ISO,IMP IBA IEA,ISO,ISO,IDA ISS ISO IEA","ENSMUSG00000002588,ENSMUSG00000021210,ENSMUSG00000027048,ENSMUSG00000030382,ENSMUSG00000032080,ENSMUSG00000032083,ENSMUSG00000032310,ENSMUSG00000040134,ENSMUSG00000047631,ENSMUSG00000056973,ENSMUSG00000057400,ENSMUSG00000078798","downregulated",28,"query_1",TRUE,3.42183262270129e-07,325,779,34,0.0436456996148909,0.104615384615385,"GO:0008202","GO:BP",27543,3543,"c(""GO:0006629"", ""GO:1901360"")","ISS ISO IBA TAS IEA,IDA ISS ISO IBA IEA,ISO,IMP ISA IBA IEA,IMP IEA,IEA,ISO IBA IEA,ISO IEA,IMP ISO IBA IEA,ISO,IMP,ISO IBA IEA,IBA,IMP TAS,IBA IEA,ISO IBA IEA,IDA ISO IEA,ISO,ISO,ISO,ISS ISO,IMP,ISO,IBA,IBA,ISS ISO IBA IEA,ISO,IMP,ISO,IMP,ISO,IBA IEA,ISO IBA IEA,ISO IBA IEA","ENSMUSG00000001467,ENSMUSG00000003555,ENSMUSG00000010651,ENSMUSG00000021207,ENSMUSG00000024107,ENSMUSG00000026726,ENSMUSG00000027359,ENSMUSG00000028553,ENSMUSG00000030382,ENSMUSG00000031725,ENSMUSG00000032114,ENSMUSG00000033122,ENSMUSG00000033715,ENSMUSG00000037071,ENSMUSG00000038092,ENSMUSG00000038641,ENSMUSG00000039653,ENSMUSG00000040650,ENSMUSG00000054052,ENSMUSG00000056973,ENSMUSG00000057074,ENSMUSG00000060807,ENSMUSG00000061959,ENSMUSG00000062432,ENSMUSG00000063415,ENSMUSG00000063730,ENSMUSG00000074639,ENSMUSG00000078650,ENSMUSG00000078964,ENSMUSG00000079262,ENSMUSG00000089943,ENSMUSG00000090817,ENSMUSG00000095143,ENSMUSG00000095388","downregulated"
