"","query","significant","p_value","term_size","query_size","intersection_size","precision","recall","term_id","source","term_name","effective_domain_size","source_order","parents","evidence_codes","intersection","direction"
"1","query_1","TRUE","5.82951682664515e-38","769","98","47","0.479591836734694","0.0611183355006502","GO:1903047","GO:BP","mitotic cell cycle process","21092","26147","c(""GO:0000278"", ""GO:0022402"")","TAS,IMP IBA NAS,IDA IBA,IBA,IDA IMP IBA IC,IMP,IBA TAS,IMP,IGI,IDA ISS IBA IEA,IMP IBA TAS IC IEA,IBA,IMP IGI IBA IEA,IDA IBA NAS IEA,IBA NAS,IDA IBA,IDA IBA,IGI IBA TAS,IC IEA,IBA,IBA TAS IEA,IBA TAS IEA,IMP IEA,IBA TAS IEA,TAS,IDA IMP IBA TAS IEA,IMP,IDA IMP ISS IBA TAS IC IEA,IMP IBA,IC,IDA IEA,IDA IBA IC IEA,IDA IMP IBA TAS IC IEA,IMP,IMP IBA,IDA IMP TAS,IMP NAS IEA,IDA IMP IBA,IDA IMP IBA IC,IEA,IDA IMP,IDA IBA NAS,IDA,IDA IMP IBA IEA,NAS,IMP IC IEA,IMP","1033,1063,4288,9133,891,6347,9055,11004,26586,22974,983,146909,55165,64151,9787,84722,890,995,991,899,699,6790,10112,7272,9833,3832,3835,9212,24137,332,2305,701,10403,9928,51514,5347,9700,63967,6491,56992,29127,9735,6241,23397,51512,672,1058","upregulated"
"2","query_1","TRUE","6.81639659588562e-37","927","98","49","0.5","0.0528586839266451","GO:0000278","GO:BP","mitotic cell cycle","21092","118","GO:0007049","TAS,IMP IBA NAS,IDA IBA,IBA,IDA IMP IBA IC,IMP,IBA TAS,IMP,IGI,IDA ISS IBA TAS IEA,IMP IBA TAS IC IEA,IDA IBA,IMP IGI IBA IEA,IDA IBA NAS IEA,NAS,IBA NAS,IDA IBA,IDA IBA,IGI IBA TAS,IC IEA,IBA,IBA TAS IEA,IBA TAS IEA,IMP IEA,IBA TAS IEA,TAS,IDA IMP IBA TAS IEA,IMP TAS,IDA IMP ISS IBA TAS IC IEA,IMP IBA,ISS IEA,IC IEA,IDA IEA,IDA IBA IC IEA,IDA IMP IBA TAS IC IEA,IMP,IMP IBA,IDA IMP IBA TAS,IMP NAS IEA,IDA IMP IBA,IDA IMP IBA IC,TAS IEA,IDA IMP,IDA IBA NAS,IDA,IDA IMP IBA IEA,NAS,IMP IC IEA,IMP","1033,1063,4288,9133,891,6347,9055,11004,26586,22974,983,146909,55165,64151,55872,9787,84722,890,995,991,899,699,6790,10112,7272,9833,3832,3835,9212,24137,79733,332,2305,701,10403,9928,51514,5347,9700,63967,6491,56992,29127,9735,6241,23397,51512,672,1058","upregulated"
"3","query_1","TRUE","8.15412406392564e-30","658","98","39","0.397959183673469","0.0592705167173252","GO:0051301","GO:BP","cell division","21092","15724","GO:0009987","IEA,IEA,IEA,IDA IEA,IEA,IEA,IGI,IEA,IEA,IEA,IDA IEA,IMP IGI IBA IEA,IEA,IEA,IEA,IEA,IEA,IEA,IEA,IEA,IEA,IBA IEA,IDA IMP IEA,IEA,IDA IMP ISS IBA TAS IC IEA,IMP,IEA,ISS IEA,IC IEA,IEA,IEA,IMP IEA,IDA IMP IBA IEA,NAS,IEA,IDA IMP IEA,IEA,IEA,IMP IEA","1063,9133,891,9055,11004,55320,26586,22974,983,7153,146909,55165,64151,84722,890,57082,995,991,259266,899,699,6790,10112,3832,9212,24137,54821,79733,332,701,10403,9928,5347,9700,83461,29127,9735,23397,1058","upregulated"
"4","query_1","TRUE","1.6432573781307e-26","481","98","33","0.336734693877551","0.0686070686070686","GO:0000280","GO:BP","nuclear division","21092","120","GO:0048285","NAS,IDA IBA,IEA,IMP IBA,IBA TAS,IMP,IDA IBA IEA,IBA IEA,IBA,IDA IBA NAS IEA,NAS,IDA IBA,TAS,IC IEA,IEA,IBA TAS IEA,TAS IEA,IBA TAS IEA,IDA IMP IBA IEA,IMP,IDA IMP TAS IC IEA,IMP,IC IEA,IDA IBA IC IEA,IDA IMP IBA TAS IC IEA,IMP,IDA IMP TAS IEA,IMP IBA NAS IEA,IEA,IDA,IDA IBA NAS,IDA IMP IBA IEA,IDA","1063,4288,9133,891,9055,11004,22974,7153,146909,64151,9787,84722,995,991,259266,699,6790,7272,3832,3835,9212,24137,332,701,10403,9928,5347,9700,56992,29127,9735,23397,10635","upregulated"
"5","query_1","TRUE","4.63069058511497e-26","326","98","29","0.295918367346939","0.0889570552147239","GO:0140014","GO:BP","mitotic nuclear division","21092","22925","c(""GO:0000280"", ""GO:1903047"")","NAS,IDA IBA,IMP IBA,IBA TAS,IMP,IDA IBA IEA,IBA,IDA IBA NAS IEA,NAS,IDA IBA,TAS,IC IEA,IBA TAS IEA,TAS IEA,IBA TAS IEA,IDA IMP IBA IEA,IMP,IDA IMP TAS IC IEA,IMP,IC,IDA IBA IC IEA,IDA IMP IBA TAS IC IEA,IMP,IDA IMP TAS,IMP NAS IEA,IEA,IDA,IDA IBA NAS,IDA IMP IBA IEA","1063,4288,891,9055,11004,22974,146909,64151,9787,84722,995,991,699,6790,7272,3832,3835,9212,24137,332,701,10403,9928,5347,9700,56992,29127,9735,23397","upregulated"
"6","query_1","TRUE","6.12458430243367e-26","712","98","37","0.377551020408163","0.0519662921348315","GO:0010564","GO:BP","regulation of cell cycle process","21092","4711","c(""GO:0022402"", ""GO:0051726"")","IMP IBA NAS,IDA IBA,IDA IMP,IMP,IDA IEA,ISS IEA,IMP IBA IEA,IEA,NAS,IDA,IBA TAS IEA,IC IEA,IDA IEA,IDA IBA TAS IEA,IBA TAS,IDA,IBA TAS IEA,IMP,IDA IMP ISS IBA TAS IC IEA,ISS IEA,IC,IDA IBA IC IEA,IMP IC,IMP,IMP IBA,IDA IMP IBA TAS,NAS,IDA IMP IBA,IDA IMP IC,IEA,IDA IMP,IDA IBA NAS,IDA,IEA,IDA,NAS,IMP NAS IC IEA","1063,4288,891,6347,9055,22974,983,64151,9787,84722,995,991,899,699,6790,10112,7272,3832,9212,79733,332,701,10403,9928,51514,5347,9700,63967,6491,56992,29127,9735,6241,23397,10635,51512,672","upregulated"
"7","query_1","TRUE","3.21348560546115e-25","527","98","33","0.336734693877551","0.0626185958254269","GO:0048285","GO:BP","organelle fission","21092","14642","GO:0006996","NAS,IDA IBA,IEA,IMP IBA,IBA TAS,IMP,IDA IBA IEA,IBA IEA,IBA,IDA IBA NAS IEA,NAS,IDA IBA,TAS,IC IEA,IEA,IBA TAS IEA,IMP TAS IEA,IBA TAS IEA,IDA IMP IBA IEA,IMP,IDA IMP TAS IC IEA,IMP,IC IEA,IDA IBA IC IEA,IDA IMP IBA TAS IC IEA,IMP,IDA IMP TAS IEA,IMP IBA NAS IEA,IEA,IDA,IDA IBA NAS,IDA IMP IBA IEA,IDA","1063,4288,9133,891,9055,11004,22974,7153,146909,64151,9787,84722,995,991,259266,699,6790,7272,3832,3835,9212,24137,332,701,10403,9928,5347,9700,56992,29127,9735,23397,10635","upregulated"
"8","query_1","TRUE","2.56575138732931e-23","451","98","30","0.306122448979592","0.0665188470066519","GO:0044772","GO:BP","mitotic cell cycle phase transition","21092","12960","c(""GO:0044770"", ""GO:1903047"")","TAS,IMP IBA NAS,IBA,IDA IMP IBA IC,IMP,IMP IBA TAS IC IEA,NAS,IDA IBA,IGI IBA TAS,IC,IBA,IBA TAS IEA,TAS,IBA TAS IEA,TAS,ISS IC IEA,IC,IDA IEA,IDA IBA IC IEA,IMP IC,IMP,IMP IBA,IDA IMP TAS,NAS,IDA IMP IBA,IDA,IDA IBA NAS,IDA,NAS,IMP IC IEA","1033,1063,9133,891,6347,983,9787,890,995,991,899,699,6790,7272,9833,9212,332,2305,701,10403,9928,51514,5347,9700,63967,6491,9735,6241,51512,672","upregulated"
"9","query_1","TRUE","5.80348617089053e-23","373","98","28","0.285714285714286","0.0750670241286863","GO:0007059","GO:BP","chromosome segregation","21092","2968","GO:0009987","IDA IMP IBA NAS,IDA IBA,IMP IBA,IBA TAS,IMP IEA,IMP IBA IEA,IBA,IDA IBA NAS IEA,IBA NAS,IDA IBA,IDA IBA IEA,IC IEA,IDA IMP IBA TAS IEA,IBA TAS IEA,IMP,IDA IMP TAS IC IEA,IMP,IC IEA,IDA IBA IC IEA,IDA IMP IBA TAS IC IEA,IMP,IDA IMP TAS IEA,IMP IBA NAS IEA,IDA IMP,IDA IBA,IDA IMP IBA IEA,IMP,IMP","1063,4288,891,9055,11004,7153,146909,64151,9787,84722,57082,991,699,7272,3835,9212,24137,332,701,10403,9928,5347,9700,29127,9735,23397,55355,672","upregulated"
"10","query_1","TRUE","1.32196038299361e-22","231","98","24","0.244897959183673","0.103896103896104","GO:0000819","GO:BP","sister chromatid segregation","21092","304","c(""GO:0051276"", ""GO:0098813"")","NAS,IMP IBA,IBA TAS,IMP,IBA,IBA,IDA IBA NAS IEA,NAS,IDA IBA,IC IEA,IDA IBA TAS IEA,IBA TAS IEA,IMP,IDA IMP TAS IC IEA,IMP,IC,IDA IBA IC IEA,IDA IMP IBA TAS IC IEA,IMP,IDA IMP TAS,IMP NAS IEA,IDA,IDA IBA,IDA IMP IBA IEA","1063,891,9055,11004,7153,146909,64151,9787,84722,991,699,7272,3835,9212,24137,332,701,10403,9928,5347,9700,29127,9735,23397","upregulated"
"11","query_1","TRUE","1.80644959639146e-22","202","98","23","0.23469387755102","0.113861386138614","GO:0000070","GO:BP","mitotic sister chromatid segregation","21092","32","c(""GO:0000819"", ""GO:0140014"", ""GO:1903047"")","NAS,IMP IBA,IBA TAS,IMP,IBA,IDA IBA NAS IEA,NAS,IDA IBA,IC IEA,IBA TAS IEA,IBA TAS IEA,IMP,IDA IMP TAS IC IEA,IMP,IC,IDA IBA IC IEA,IDA IMP IBA TAS IC IEA,IMP,IDA IMP TAS,IMP NAS IEA,IDA,IDA IBA,IDA IMP IBA IEA","1063,891,9055,11004,146909,64151,9787,84722,991,699,7272,3835,9212,24137,332,701,10403,9928,5347,9700,29127,9735,23397","upregulated"
"12","query_1","TRUE","9.125900779788e-21","314","98","25","0.255102040816327","0.0796178343949045","GO:0098813","GO:BP","nuclear chromosome segregation","21092","22083","c(""GO:0007059"", ""GO:0022402"")","IDA IBA NAS,IMP IBA,IBA TAS,IMP,IBA,IBA,IDA IBA NAS IEA,NAS,IDA IBA,IDA IBA IEA,IC IEA,IDA IBA TAS IEA,IBA TAS IEA,IMP,IDA IMP TAS IC IEA,IMP,IC,IDA IBA IC IEA,IDA IMP IBA TAS IC IEA,IMP,IDA IMP TAS IEA,IMP IBA NAS IEA,IDA IMP,IDA IBA,IDA IMP IBA IEA","1063,891,9055,11004,7153,146909,64151,9787,84722,57082,991,699,7272,3835,9212,24137,332,701,10403,9928,5347,9700,29127,9735,23397","upregulated"
"13","query_1","TRUE","1.01082435872421e-20","553","98","30","0.306122448979592","0.054249547920434","GO:0044770","GO:BP","cell cycle phase transition","21092","12958","GO:0022402","TAS,IMP IBA NAS,IBA IEA,IDA IMP IBA IC,IMP,IMP IBA TAS IC IEA,NAS,IDA IBA,IGI IBA TAS IEA,IC,IBA,IBA TAS IEA,TAS,IBA TAS IEA,TAS,ISS IC IEA,IC,IDA IEA,IDA IBA IC IEA,IMP IC IEA,IMP,IMP IBA,IDA IMP TAS,NAS,IDA IMP IBA,IDA,IDA IBA NAS,IDA,NAS,IMP IC IEA","1033,1063,9133,891,6347,983,9787,890,995,991,899,699,6790,7272,9833,9212,332,2305,701,10403,9928,51514,5347,9700,63967,6491,9735,6241,51512,672","upregulated"
"14","query_1","TRUE","8.31231508182406e-19","332","98","24","0.244897959183673","0.072289156626506","GO:1901990","GO:BP","regulation of mitotic cell cycle phase transition","21092","25235","c(""GO:0007346"", ""GO:0044772"", ""GO:1901987"")","IMP IBA NAS,IDA IMP,IMP,IMP IBA IEA,NAS,IBA,IC,IBA TAS IEA,TAS,IBA TAS IEA,ISS IC IEA,IC,IDA IBA IC IEA,IMP IC,IMP,IMP IBA,IDA IMP TAS,NAS,IDA IMP IBA,IDA,IDA IBA NAS,IDA,NAS,IMP IC IEA","1063,891,6347,983,9787,995,991,699,6790,7272,9212,332,701,10403,9928,51514,5347,9700,63967,6491,9735,6241,51512,672","upregulated"
"15","query_1","TRUE","2.89325449367976e-18","612","98","29","0.295918367346939","0.0473856209150327","GO:0051276","GO:BP","chromosome organization","21092","15705","GO:0006996","NAS,IMP IBA,IBA TAS,IMP,IEA,IDA IMP IBA IEA,IBA,IDA IBA NAS IEA,IBA NAS,IDA IBA,IC IEA,IDA IBA TAS IEA,IBA TAS IEA,IMP,IDA IMP TAS IC IEA,IMP,IEA,IEA,IC,IDA IBA IC IEA,IDA IMP IBA TAS IC IEA,IMP,IDA IMP TAS IEA,IMP NAS IEA,IDA,IDA IBA,IDA IMP IBA IEA,IMP IBA,IDA","1063,891,9055,11004,983,7153,146909,64151,9787,84722,991,699,7272,3835,9212,24137,2491,54821,332,701,10403,9928,5347,9700,29127,9735,23397,55355,1058","upregulated"
"16","query_1","TRUE","3.70079016961616e-18","165","98","19","0.193877551020408","0.115151515151515","GO:1902850","GO:BP","microtubule cytoskeleton organization involved in mitosis","21092","25963","c(""GO:0000226"", ""GO:1903047"")","IMP,IBA TAS,IDA ISS IBA IEA,IBA,IDA,IEA,IBA IEA,TAS,IDA IMP IBA TAS,IMP IBA TAS IC,IMP IBA,IC,IMP,IDA TAS,NAS,IMP IBA IC,IEA,IDA,IMP","891,9055,22974,9787,84722,991,6790,7272,3832,9212,24137,332,10403,5347,9700,6491,56992,29127,1058","upregulated"
"17","query_1","TRUE","4.28509264465171e-18","198","98","20","0.204081632653061","0.101010101010101","GO:0007051","GO:BP","spindle organization","21092","2960","c(""GO:0000226"", ""GO:0022402"")","IEA,IMP,IBA TAS,IDA ISS IBA IEA,IBA,IDA,IEA,IMP IEA,IMP IBA IEA,TAS,IDA IMP IBA TAS IEA,IMP IBA TAS IC,IMP IBA,IC,IMP IEA,IDA TAS,IEA,IMP IBA IC,IEA,IDA","9133,891,9055,22974,9787,84722,991,259266,6790,7272,3832,9212,24137,332,10403,5347,9700,6491,56992,29127","upregulated"
"18","query_1","TRUE","1.18258100981113e-17","644","98","29","0.295918367346939","0.0450310559006211","GO:0000226","GO:BP","microtubule cytoskeleton organization","21092","103","c(""GO:0007010"", ""GO:0007017"")","IEA,IMP,IBA TAS IEA,IDA IMP TAS,IBA IEA,IDA ISS IBA IEA,TAS,IDA IBA,IBA,IDA ISS IEA,IEA,IMP IEA,IDA IEA,IMP IBA TAS IEA,IDA,TAS,IDA IMP IBA TAS IEA,IMP IBA TAS IC,IMP IBA,IC IEA,IMP,IDA IMP IEA,IDA IMP TAS,NAS IEA,IDA IMP IBA IC,IEA,IDA,NAS IEA,IMP","9133,891,9055,11004,26586,22974,983,146909,9787,84722,991,259266,899,6790,10112,7272,3832,9212,24137,332,9768,10403,5347,9700,6491,56992,29127,672,1058","upregulated"
"19","query_1","TRUE","4.62480307226521e-17","128","98","17","0.173469387755102","0.1328125","GO:0051983","GO:BP","regulation of chromosome segregation","21092","16220","c(""GO:0007059"", ""GO:0050794"")","NAS,IDA IBA,IMP,IMP,IEA,NAS,IC,IMP IBA TAS IEA,IBA TAS IEA,IDA TAS IC IEA,IC,IDA IBA IC IEA,IMP IC,IDA IMP,NAS,IDA IBA,IEA","1063,4288,891,11004,64151,9787,991,699,7272,9212,332,701,10403,5347,9700,9735,23397","upregulated"
"20","query_1","TRUE","1.18369346256283e-16","135","98","17","0.173469387755102","0.125925925925926","GO:0007052","GO:BP","mitotic spindle organization","21092","2961","c(""GO:0007051"", ""GO:1902850"")","IMP,IBA TAS,IDA ISS IBA IEA,IBA,IDA,IEA,IBA IEA,TAS,IDA IMP IBA TAS,IMP IBA TAS IC,IMP IBA,IC,IMP,IDA TAS,IMP IBA IC,IEA,IDA","891,9055,22974,9787,84722,991,6790,7272,3832,9212,24137,332,10403,5347,6491,56992,29127","upregulated"
"21","query_1","TRUE","2.31811266746562e-16","931","98","32","0.326530612244898","0.0343716433941998","GO:0007017","GO:BP","microtubule-based process","21092","2934","GO:0009987","IEA,IMP,IBA TAS IEA,IDA IMP IBA TAS IEA,IBA IEA,IDA ISS IBA IEA,TAS,IDA IBA IEA,IBA NAS,IDA ISS IEA,IEA,IMP IEA,IDA IEA,IMP IBA TAS IEA,IDA IBA IEA,TAS,IDA IMP IBA TAS IEA,IBA IEA,IMP IBA TAS IC,IMP IBA TAS IEA,IC IEA,IMP,IDA IMP IEA,IBA IEA,IDA IMP TAS,NAS IEA,IDA IMP IBA IC,IBA IEA,IDA,NAS,NAS IEA,IMP","9133,891,9055,11004,26586,22974,983,146909,9787,84722,991,259266,899,6790,10112,7272,3832,3835,9212,24137,332,9768,10403,9928,5347,9700,6491,56992,29127,51512,672,1058","upregulated"
"22","query_1","TRUE","3.59512973308219e-16","430","98","24","0.244897959183673","0.0558139534883721","GO:1901987","GO:BP","regulation of cell cycle phase transition","21092","25232","c(""GO:0010564"", ""GO:0044770"")","IMP IBA NAS,IDA IMP,IMP,IMP IBA IEA,NAS,IBA IEA,IC,IBA TAS IEA,TAS,IBA TAS IEA,ISS IC IEA,IC,IDA IBA IC IEA,IMP IC,IMP,IMP IBA,IDA IMP TAS,NAS,IDA IMP IBA,IDA,IDA IBA NAS,IDA,NAS,IMP IC IEA","1063,891,6347,983,9787,995,991,699,6790,7272,9212,332,701,10403,9928,51514,5347,9700,63967,6491,9735,6241,51512,672","upregulated"
"23","query_1","TRUE","5.26874347776193e-16","147","98","17","0.173469387755102","0.115646258503401","GO:0051783","GO:BP","regulation of nuclear division","21092","16070","c(""GO:0000280"", ""GO:0033043"")","NAS,IDA IBA,IMP,NAS,TAS,IC IEA,IBA TAS IEA,TAS,IBA TAS IEA,IC IEA,IC,IDA IBA IC IEA,IMP IC,IMP,NAS,IDA IBA,IDA","1063,4288,891,9787,995,991,699,6790,7272,9212,332,701,10403,5347,9700,9735,10635","upregulated"
"24","query_1","TRUE","5.65098491943572e-16","493","98","25","0.255102040816327","0.050709939148073","GO:0007346","GO:BP","regulation of mitotic cell cycle","21092","3221","c(""GO:0000278"", ""GO:0051726"")","IMP IBA NAS,IDA IBA,IDA IMP,IMP,IMP IBA IEA,IBA NAS,IBA TAS,IC,IBA TAS IEA,TAS,IBA TAS IEA,ISS IC IEA,IC IEA,IDA IBA IC IEA,IMP IC,IMP,IMP IBA,IDA IMP TAS,NAS,IDA IMP IBA,IDA,IDA IBA NAS,IDA,NAS,IMP IC IEA","1063,4288,891,6347,983,9787,995,991,699,6790,7272,9212,332,701,10403,9928,51514,5347,9700,63967,6491,9735,6241,51512,672","upregulated"
"25","query_1","TRUE","6.13556444837008e-16","120","98","16","0.163265306122449","0.133333333333333","GO:0007088","GO:BP","regulation of mitotic nuclear division","21092","2994","c(""GO:0007346"", ""GO:0010564"", ""GO:0051783"", ""GO:0140014"")","NAS,IDA IBA,IMP,NAS,TAS,IC,IBA TAS IEA,TAS,IBA TAS IEA,IC IEA,IC,IDA IBA IC IEA,IMP IC,IMP,NAS,IDA IBA","1063,4288,891,9787,995,991,699,6790,7272,9212,332,701,10403,5347,9700,9735","upregulated"
"26","query_1","TRUE","2.97859595241148e-15","132","98","16","0.163265306122449","0.121212121212121","GO:0051304","GO:BP","chromosome separation","21092","15727","c(""GO:0007059"", ""GO:0022402"")","NAS,IMP,IBA,IEA,NAS,IC,IBA TAS IEA,IBA TAS IEA,IC IEA,IC,IDA IBA IC IEA,IMP IC,IDA IMP,IBA NAS,IDA IBA,IEA","1063,891,7153,64151,9787,991,699,7272,9212,332,701,10403,5347,9700,9735,23397","upregulated"
"27","query_1","TRUE","5.27255720275532e-15","109","98","15","0.153061224489796","0.137614678899083","GO:1905818","GO:BP","regulation of chromosome separation","21092","28654","c(""GO:0010564"", ""GO:0051304"", ""GO:0051983"")","NAS,IMP,IEA,NAS,IC,IBA TAS IEA,IBA TAS IEA,IC IEA,IC,IDA IBA IC IEA,IMP IC,IDA IMP,NAS,IDA IBA,IEA","1063,891,64151,9787,991,699,7272,9212,332,701,10403,5347,9700,9735,23397","upregulated"
"28","query_1","TRUE","1.24461248291613e-14","144","98","16","0.163265306122449","0.111111111111111","GO:0007093","GO:BP","mitotic cell cycle checkpoint signaling","21092","2998","c(""GO:0000075"", ""GO:0045930"", ""GO:1903047"")","NAS,IMP,IBA IEA,IC,IBA TAS IEA,IBA TAS IEA,ISS IC IEA,IC,IDA IBA IC IEA,IMP IC,IMP IBA,IDA IMP,IDA IMP IBA,IDA IBA,NAS,IMP IC IEA","1063,891,983,991,699,7272,9212,332,701,10403,51514,5347,63967,9735,51512,672","upregulated"
"29","query_1","TRUE","1.71095483691218e-14","300","98","20","0.204081632653061","0.0666666666666667","GO:0010948","GO:BP","negative regulation of cell cycle process","21092","5063","c(""GO:0010564"", ""GO:0022402"", ""GO:0045786"")","NAS,IMP,IMP,IBA IEA,IC,IDA IEA,IBA TAS IEA,IBA TAS IEA,ISS IC IEA,ISS IEA,IC,IDA IBA IC IEA,IMP IC,IMP IBA,IDA IMP,NAS,IDA IMP IBA,IDA IBA,NAS,IMP NAS IC IEA","1063,891,6347,983,991,899,699,7272,9212,79733,332,701,10403,51514,5347,9700,63967,9735,51512,672","upregulated"
"30","query_1","TRUE","1.92711330620669e-14","181","98","17","0.173469387755102","0.0939226519337017","GO:1901991","GO:BP","negative regulation of mitotic cell cycle phase transition","21092","25236","c(""GO:0044772"", ""GO:0045930"", ""GO:1901988"", ""GO:1901990"")","NAS,IMP,IMP,IBA IEA,IC,IBA TAS IEA,IBA TAS IEA,ISS IC IEA,IC,IDA IBA IC IEA,IMP IC,IMP IBA,IDA IMP,IDA IMP IBA,IDA IBA,NAS,IMP IC IEA","1063,891,6347,983,991,699,7272,9212,332,701,10403,51514,5347,63967,9735,51512,672","upregulated"
"31","query_1","TRUE","5.64675971484817e-14","158","98","16","0.163265306122449","0.10126582278481","GO:0044839","GO:BP","cell cycle G2/M phase transition","21092","13007","GO:0044770","IMP IBA,IEA,IDA IC,IMP IBA TAS IC IEA,IDA,IGI IBA TAS IEA,TAS,TAS,ISS,IDA IEA,IEA,IMP,IMP IBA,IDA TAS,IDA IMP IBA,IMP IC IEA","1063,9133,891,983,890,995,6790,9833,9212,2305,10403,9928,51514,5347,63967,672","upregulated"
"32","query_1","TRUE","7.21032021655038e-14","129","98","15","0.153061224489796","0.116279069767442","GO:0051225","GO:BP","spindle assembly","21092","15666","c(""GO:0007051"", ""GO:0140694"")","IEA,IBA,IDA IBA IEA,IEA,IEA,IEA,IDA IMP IBA IEA,IMP TAS IC,IMP,IC,IEA,IDA,IC,IEA,IDA","9133,9055,22974,991,259266,6790,3832,9212,24137,332,10403,5347,6491,56992,29127","upregulated"
"33","query_1","TRUE","2.61712233505667e-13","252","98","18","0.183673469387755","0.0714285714285714","GO:0090068","GO:BP","positive regulation of cell cycle process","21092","21066","c(""GO:0010564"", ""GO:0022402"", ""GO:0045787"")","IDA IMP,IMP,IEA,NAS,IBA IEA,TAS,IDA IMP TAS IC IEA,ISS IEA,IC,IMP,IMP,IMP,NAS,IDA IC,IDA IMP,IDA,IEA,IDA","891,983,64151,9787,995,6790,9212,79733,332,10403,9928,51514,9700,6491,29127,6241,23397,10635","upregulated"
"34","query_1","TRUE","4.1304846894643e-13","47","98","11","0.112244897959184","0.234042553191489","GO:0007094","GO:BP","mitotic spindle assembly checkpoint signaling","21092","2999","c(""GO:0045841"", ""GO:0071173"", ""GO:0071174"")","NAS,IMP,IC,IBA TAS IEA,IBA TAS IEA,IC IEA,IC,IDA IBA IC IEA,IMP IC,IMP,IDA IBA","1063,891,991,699,7272,9212,332,701,10403,5347,9735","upregulated"
"35","query_1","TRUE","4.1304846894643e-13","47","98","11","0.112244897959184","0.234042553191489","GO:0071173","GO:BP","spindle assembly checkpoint signaling","21092","19217","GO:0031577","NAS,IMP,IC,IBA TAS IEA,IBA TAS IEA,IC IEA,IC,IDA IBA IC IEA,IMP IC,IMP,IDA IBA","1063,891,991,699,7272,9212,332,701,10403,5347,9735","upregulated"
"36","query_1","TRUE","4.1304846894643e-13","47","98","11","0.112244897959184","0.234042553191489","GO:0071174","GO:BP","mitotic spindle checkpoint signaling","21092","19218","c(""GO:0007093"", ""GO:0031577"")","NAS,IMP,IC,IBA TAS IEA,IBA TAS IEA,IC IEA,IC,IDA IBA IC IEA,IMP IC,IMP,IDA IBA","1063,891,991,699,7272,9212,332,701,10403,5347,9735","upregulated"
"37","query_1","TRUE","5.3381830356012e-13","48","98","11","0.112244897959184","0.229166666666667","GO:0031577","GO:BP","spindle checkpoint signaling","21092","8369","GO:0000075","NAS,IMP,IC,IBA TAS IEA,IBA TAS IEA,IC IEA,IC,IDA IBA IC IEA,IMP IC,IMP,IDA IBA","1063,891,991,699,7272,9212,332,701,10403,5347,9735","upregulated"
"38","query_1","TRUE","6.85738996484161e-13","49","98","11","0.112244897959184","0.224489795918367","GO:0045841","GO:BP","negative regulation of mitotic metaphase/anaphase transition","21092","13537","c(""GO:0007091"", ""GO:0030071"", ""GO:0045839"", ""GO:1901991"", ""GO:1902100"", ""GO:2000816"")","NAS,IMP,IC,IBA TAS IEA,IBA TAS IEA,IC IEA,IC,IDA IBA IC IEA,IMP IC,IMP,IDA IBA","1063,891,991,699,7272,9212,332,701,10403,5347,9735","upregulated"
"39","query_1","TRUE","7.59572736266643e-13","92","98","13","0.13265306122449","0.141304347826087","GO:0030071","GO:BP","regulation of mitotic metaphase/anaphase transition","21092","7690","c(""GO:0007091"", ""GO:0010965"", ""GO:1901990"", ""GO:1902099"")","NAS,IMP,NAS,IC,IBA TAS IEA,IBA TAS IEA,IC IEA,IC,IDA IBA IC IEA,IMP IC,IDA IMP,NAS,IDA IBA","1063,891,9787,991,699,7272,9212,332,701,10403,5347,9700,9735","upregulated"
"40","query_1","TRUE","1.01704533100496e-12","94","98","13","0.13265306122449","0.138297872340426","GO:0007091","GO:BP","metaphase/anaphase transition of mitotic cell cycle","21092","2997","c(""GO:0010965"", ""GO:0044772"", ""GO:0044784"")","NAS,IMP,NAS,IC,IBA TAS IEA,IBA TAS IEA,IC IEA,IC,IDA IBA IC IEA,IMP IC,IDA IMP,NAS,IDA IBA","1063,891,9787,991,699,7272,9212,332,701,10403,5347,9700,9735","upregulated"
"41","query_1","TRUE","1.09958080226873e-12","190","98","16","0.163265306122449","0.0842105263157895","GO:0000075","GO:BP","cell cycle checkpoint signaling","21092","35","c(""GO:0035556"", ""GO:1901988"")","NAS,IMP,IBA IEA,IC,IBA TAS IEA,IBA TAS IEA,ISS IC IEA,IC,IDA IBA IC IEA,IMP IC,IMP IBA,IDA IMP,IDA IMP IBA,IDA IBA,NAS,IMP IC IEA","1063,891,983,991,699,7272,9212,332,701,10403,51514,5347,63967,9735,51512,672","upregulated"
"42","query_1","TRUE","1.11244911299842e-12","51","98","11","0.112244897959184","0.215686274509804","GO:1902100","GO:BP","negative regulation of metaphase/anaphase transition of cell cycle","21092","25337","c(""GO:0044784"", ""GO:1901988"", ""GO:1902099"")","NAS,IMP,IC,IBA TAS IEA,IBA TAS IEA,IC IEA,IC,IDA IBA IC IEA,IMP IC,IMP,IDA IBA","1063,891,991,699,7272,9212,332,701,10403,5347,9735","upregulated"
"43","query_1","TRUE","1.11244911299842e-12","51","98","11","0.112244897959184","0.215686274509804","GO:0033046","GO:BP","negative regulation of sister chromatid segregation","21092","9199","c(""GO:0000819"", ""GO:0010948"", ""GO:0033045"", ""GO:0051985"", ""GO:2001251"")","NAS,IMP,IC,IBA TAS IEA,IBA TAS IEA,IC IEA,IC,IDA IBA IC IEA,IMP IC,IMP,IDA IBA","1063,891,991,699,7272,9212,332,701,10403,5347,9735","upregulated"
"44","query_1","TRUE","1.11244911299842e-12","51","98","11","0.112244897959184","0.215686274509804","GO:0033048","GO:BP","negative regulation of mitotic sister chromatid segregation","21092","9201","c(""GO:0000070"", ""GO:0033046"", ""GO:0033047"")","NAS,IMP,IC,IBA TAS IEA,IBA TAS IEA,IC IEA,IC,IDA IBA IC IEA,IMP IC,IMP,IDA IBA","1063,891,991,699,7272,9212,332,701,10403,5347,9735","upregulated"
"45","query_1","TRUE","1.11244911299842e-12","51","98","11","0.112244897959184","0.215686274509804","GO:2000816","GO:BP","negative regulation of mitotic sister chromatid separation","21092","30001","c(""GO:0010965"", ""GO:0033048"", ""GO:0051306"", ""GO:1905819"")","NAS,IMP,IC,IBA TAS IEA,IBA TAS IEA,IC IEA,IC,IDA IBA IC IEA,IMP IC,IMP,IDA IBA","1063,891,991,699,7272,9212,332,701,10403,5347,9735","upregulated"
"46","query_1","TRUE","1.12050835986458e-12","230","98","17","0.173469387755102","0.0739130434782609","GO:0045930","GO:BP","negative regulation of mitotic cell cycle","21092","13618","c(""GO:0000278"", ""GO:0007346"", ""GO:0045786"")","NAS,IMP,IMP,IBA IEA,IC,IBA TAS IEA,IBA TAS IEA,ISS IC IEA,IC,IDA IBA IC IEA,IMP IC,IMP IBA,IDA IMP,IDA IMP IBA,IDA IBA,NAS,IMP IC IEA","1063,891,6347,983,991,699,7272,9212,332,701,10403,51514,5347,63967,9735,51512,672","upregulated"
"47","query_1","TRUE","1.17386344093209e-12","95","98","13","0.13265306122449","0.136842105263158","GO:1902099","GO:BP","regulation of metaphase/anaphase transition of cell cycle","21092","25336","c(""GO:0033045"", ""GO:0044784"", ""GO:1901987"")","NAS,IMP,NAS,IC,IBA TAS IEA,IBA TAS IEA,IC IEA,IC,IDA IBA IC IEA,IMP IC,IDA IMP,NAS,IDA IBA","1063,891,9787,991,699,7272,9212,332,701,10403,5347,9700,9735","upregulated"
"48","query_1","TRUE","1.3526274352753e-12","96","98","13","0.13265306122449","0.135416666666667","GO:0010965","GO:BP","regulation of mitotic sister chromatid separation","21092","5078","c(""GO:0051306"", ""GO:1905818"")","NAS,IMP,NAS,IC,IBA TAS IEA,IBA TAS IEA,IC IEA,IC,IDA IBA IC IEA,IMP IC,IDA IMP,NAS,IDA IBA","1063,891,9787,991,699,7272,9212,332,701,10403,5347,9700,9735","upregulated"
"49","query_1","TRUE","1.55610205007055e-12","97","98","13","0.13265306122449","0.134020618556701","GO:0044784","GO:BP","metaphase/anaphase transition of cell cycle","21092","12968","c(""GO:0033045"", ""GO:0044770"")","NAS,IMP,NAS,IC,IBA TAS IEA,IBA TAS IEA,IC IEA,IC,IDA IBA IC IEA,IMP IC,IDA IMP,NAS,IDA IBA","1063,891,9787,991,699,7272,9212,332,701,10403,5347,9700,9735","upregulated"
"50","query_1","TRUE","1.76698081908191e-12","53","98","11","0.112244897959184","0.207547169811321","GO:0051985","GO:BP","negative regulation of chromosome segregation","21092","16222","c(""GO:0007059"", ""GO:0048523"", ""GO:0051983"")","NAS,IMP,IC,IBA TAS IEA,IBA TAS IEA,IC IEA,IC,IDA IBA IC IEA,IMP IC,IMP,IDA IBA","1063,891,991,699,7272,9212,332,701,10403,5347,9735","upregulated"
"51","query_1","TRUE","1.76698081908191e-12","53","98","11","0.112244897959184","0.207547169811321","GO:1905819","GO:BP","negative regulation of chromosome separation","21092","28655","c(""GO:0010948"", ""GO:0051304"", ""GO:0051985"", ""GO:1905818"")","NAS,IMP,IC,IBA TAS IEA,IBA TAS IEA,IC IEA,IC,IDA IBA IC IEA,IMP IC,IMP,IDA IBA","1063,891,991,699,7272,9212,332,701,10403,5347,9735","upregulated"
"52","query_1","TRUE","1.78736241007263e-12","98","98","13","0.13265306122449","0.13265306122449","GO:2001251","GO:BP","negative regulation of chromosome organization","21092","30398","c(""GO:0010639"", ""GO:0033044"", ""GO:0051276"")","NAS,IMP,IMP,IC,IBA TAS IEA,IBA TAS IEA,IC IEA,IC,IDA IBA IC IEA,IMP IC,IMP,NAS,IDA IBA","1063,891,7153,991,699,7272,9212,332,701,10403,5347,9700,9735","upregulated"
"53","query_1","TRUE","2.04013277565129e-12","384","98","20","0.204081632653061","0.0520833333333333","GO:0045786","GO:BP","negative regulation of cell cycle","21092","13492","c(""GO:0007049"", ""GO:0048523"", ""GO:0051726"")","NAS,IMP,IMP,IBA IEA,IC,IDA IEA,IBA TAS IEA,IBA TAS IEA,ISS IC IEA,ISS IEA,IC,IDA IBA IC IEA,IMP IC,IMP IBA,IDA IMP,NAS,IDA IMP IBA,IDA IBA,NAS,IMP NAS IC IEA","1063,891,6347,983,991,899,699,7272,9212,79733,332,701,10403,51514,5347,9700,63967,9735,51512,672","upregulated"
"54","query_1","TRUE","2.04982468666652e-12","99","98","13","0.13265306122449","0.131313131313131","GO:0051306","GO:BP","mitotic sister chromatid separation","21092","15729","c(""GO:0000070"", ""GO:0051304"", ""GO:1903047"")","NAS,IMP,NAS,IC,IBA TAS IEA,IBA TAS IEA,IC IEA,IC,IDA IBA IC IEA,IMP IC,IDA IMP,NAS,IDA IBA","1063,891,9787,991,699,7272,9212,332,701,10403,5347,9700,9735","upregulated"
"55","query_1","TRUE","2.14423207948807e-12","385","98","20","0.204081632653061","0.051948051948052","GO:0140694","GO:BP","non-membrane-bounded organelle assembly","21092","23167","GO:0070925","NAS,IEA,IBA,IDA IBA IEA,IBA,IEA,IEA,IEA,IDA IMP IBA IEA,IMP TAS IC,IMP,IC,IEA,IDA,IDA IMP IC,IEA,IDA,IBA,NAS,IDA","1063,9133,9055,22974,9787,991,259266,6790,3832,9212,24137,332,10403,5347,6491,56992,29127,9735,672,1058","upregulated"
"56","query_1","TRUE","3.41272177388341e-12","56","98","11","0.112244897959184","0.196428571428571","GO:0033047","GO:BP","regulation of mitotic sister chromatid segregation","21092","9200","c(""GO:0000070"", ""GO:0033045"")","NAS,IMP,IC,IBA TAS IEA,IBA TAS IEA,IDA IC IEA,IC,IDA IBA IC IEA,IMP IC,IMP,IDA IBA","1063,891,991,699,7272,9212,332,701,10403,5347,9735","upregulated"
"57","query_1","TRUE","4.21279757800829e-12","57","98","11","0.112244897959184","0.192982456140351","GO:0045839","GO:BP","negative regulation of mitotic nuclear division","21092","13535","c(""GO:0007088"", ""GO:0010948"", ""GO:0045930"", ""GO:0051784"", ""GO:0140014"")","NAS,IMP,IC,IBA TAS IEA,IBA TAS IEA,IC IEA,IC,IDA IBA IC IEA,IMP IC,IMP,IDA IBA","1063,891,991,699,7272,9212,332,701,10403,5347,9735","upregulated"
"58","query_1","TRUE","4.52311649811567e-12","105","98","13","0.13265306122449","0.123809523809524","GO:0033045","GO:BP","regulation of sister chromatid segregation","21092","9198","c(""GO:0000819"", ""GO:0010564"", ""GO:0033044"", ""GO:0051983"")","NAS,IMP,NAS,IC,IBA TAS IEA,IBA TAS IEA,IDA IC IEA,IC,IDA IBA IC IEA,IMP IC,IDA IMP,NAS,IDA IBA","1063,891,9787,991,699,7272,9212,332,701,10403,5347,9700,9735","upregulated"
"59","query_1","TRUE","6.04367364958165e-12","352","98","19","0.193877551020408","0.0539772727272727","GO:0045787","GO:BP","positive regulation of cell cycle","21092","13493","c(""GO:0007049"", ""GO:0048522"", ""GO:0051726"")","IDA IMP IEA,IMP IEA,IEA,NAS,ISS IEA,IBA IEA,TAS,IDA IMP TAS IC IEA,ISS IEA,IC,IMP,IMP,IMP,NAS,IDA IC,IDA IMP,IDA,IEA,IDA","891,983,64151,9787,84722,995,6790,9212,79733,332,10403,9928,51514,9700,6491,29127,6241,23397,10635","upregulated"
"60","query_1","TRUE","6.70006976712935e-12","256","98","17","0.173469387755102","0.06640625","GO:1901988","GO:BP","negative regulation of cell cycle phase transition","21092","25233","c(""GO:0010948"", ""GO:0044770"", ""GO:1901987"")","NAS,IMP,IMP,IBA IEA,IC,IBA TAS IEA,IBA TAS IEA,ISS IC IEA,IC,IDA IBA IC IEA,IMP IC,IMP IBA,IDA IMP,IDA IMP IBA,IDA IBA,NAS,IMP IC IEA","1063,891,6347,983,991,699,7272,9212,332,701,10403,51514,5347,63967,9735,51512,672","upregulated"
"61","query_1","TRUE","9.17612683260305e-12","142","98","14","0.142857142857143","0.0985915492957746","GO:0000086","GO:BP","G2/M transition of mitotic cell cycle","21092","45","c(""GO:0044772"", ""GO:0044839"")","IMP IBA,IDA IC,IMP IBA TAS IC IEA,IDA,IGI IBA TAS,TAS,TAS,ISS,IDA IEA,IMP,IMP IBA,IDA TAS,IDA IMP IBA,IMP IC IEA","1063,891,983,890,995,6790,9833,9212,2305,9928,51514,5347,63967,672","upregulated"
"62","query_1","TRUE","1.65332167549378e-11","64","98","11","0.112244897959184","0.171875","GO:0051784","GO:BP","negative regulation of nuclear division","21092","16071","c(""GO:0000280"", ""GO:0010639"", ""GO:0051783"")","NAS,IMP,IC,IBA TAS IEA,IBA TAS IEA,IC IEA,IC,IDA IBA IC IEA,IMP IC,IMP,IDA IBA","1063,891,991,699,7272,9212,332,701,10403,5347,9735","upregulated"
"63","query_1","TRUE","8.87487765642857e-11","251","98","16","0.163265306122449","0.0637450199203187","GO:0033044","GO:BP","regulation of chromosome organization","21092","9197","c(""GO:0033043"", ""GO:0051276"")","NAS,IMP,IMP,IDA,NAS,IC,IDA IBA TAS IEA,IBA TAS IEA,IDA IMP IC IEA,IC,IDA IBA IC IEA,IMP IC,IDA IMP,NAS,IDA IBA,IDA","1063,891,7153,64151,9787,991,699,7272,9212,332,701,10403,5347,9700,9735,23397","upregulated"
"64","query_1","TRUE","1.37299324784231e-10","213","98","15","0.153061224489796","0.0704225352112676","GO:1903046","GO:BP","meiotic cell cycle process","21092","26146","c(""GO:0022402"", ""GO:0022414"", ""GO:0051321"")","IEA,IBA IEA,IBA,IEA,IEA,IBA,IEA,IBA IEA,IEA,IBA,IEA,IEA,IBA IEA,IEA,IDA","9133,7153,995,991,259266,699,6790,7272,332,701,10403,5347,9700,23397,10635","upregulated"
"65","query_1","TRUE","5.36581832135795e-10","190","98","14","0.142857142857143","0.0736842105263158","GO:0000910","GO:BP","cytokinesis","21092","312","c(""GO:0022402"", ""GO:0051301"")","IDA IEA,IGI,IMP IGI IBA IEA,IBA,IDA IMP IEA,IDA IMP ISS IBA TAS IC IEA,IMP,ISS IEA,IC,IMP,IDA IMP IBA,NAS,IDA IMP,IMP","9055,26586,55165,6790,10112,9212,24137,79733,332,9928,5347,9700,29127,1058","upregulated"
"66","query_1","TRUE","7.6742470735437e-10","195","98","14","0.142857142857143","0.0717948717948718","GO:0140013","GO:BP","meiotic nuclear division","21092","22924","c(""GO:0000280"", ""GO:1903046"")","IEA,IBA IEA,IEA,IEA,IBA,IEA,IBA IEA,IEA,IBA,IEA,IEA,IBA IEA,IEA,IDA","9133,7153,991,259266,699,6790,7272,332,701,10403,5347,9700,23397,10635","upregulated"
"67","query_1","TRUE","2.18968434557992e-09","98","98","11","0.112244897959184","0.112244897959184","GO:0010389","GO:BP","regulation of G2/M transition of mitotic cell cycle","21092","4576","c(""GO:0000086"", ""GO:1901990"", ""GO:1902749"")","IMP IBA,IDA,IMP IBA IEA,IBA,TAS,ISS,IMP,IMP IBA,IDA,IDA IMP IBA,IMP IC IEA","1063,891,983,995,6790,9212,9928,51514,5347,63967,672","upregulated"
"68","query_1","TRUE","2.30007242624898e-09","366","98","17","0.173469387755102","0.046448087431694","GO:0010639","GO:BP","negative regulation of organelle organization","21092","4780","c(""GO:0006996"", ""GO:0033043"", ""GO:0051129"")","NAS,IMP,IBA IEA,IDA,IMP,IC,IDA IEA,IBA TAS IEA,IBA TAS IEA,IC IEA,IC,IDA IBA IC IEA,IMP IC,IMP,NAS,IDA IBA,NAS","1063,891,26586,22974,7153,991,899,699,7272,9212,332,701,10403,5347,9700,9735,672","upregulated"
"69","query_1","TRUE","4.8361672591527e-09","76","98","10","0.102040816326531","0.131578947368421","GO:0090307","GO:BP","mitotic spindle assembly","21092","21292","c(""GO:0007052"", ""GO:0051225"", ""GO:0140014"")","IBA,IDA IBA IEA,IEA,IDA IMP IBA,IMP TAS IC,IMP,IC,IDA,IEA,IDA","9055,22974,991,3832,9212,24137,332,5347,56992,29127","upregulated"
"70","query_1","TRUE","7.96094679215451e-09","110","98","11","0.112244897959184","0.1","GO:1902749","GO:BP","regulation of cell cycle G2/M phase transition","21092","25871","c(""GO:0044839"", ""GO:1901987"")","IMP IBA,IDA,IMP IBA IEA,IBA IEA,TAS,ISS,IMP,IMP IBA,IDA,IDA IMP IBA,IMP IC IEA","1063,891,983,995,6790,9212,9928,51514,5347,63967,672","upregulated"
"71","query_1","TRUE","9.43035557696727e-09","285","98","15","0.153061224489796","0.0526315789473684","GO:0051321","GO:BP","meiotic cell cycle","21092","15741","c(""GO:0007049"", ""GO:0022414"")","IEA,IBA IEA,IBA,IC IEA,IEA,IBA,IEA,IBA IEA,IEA,IBA,IEA,IEA,IBA IEA,IEA,IDA IEA","9133,7153,995,991,259266,699,6790,7272,332,701,10403,5347,9700,23397,10635","upregulated"
"72","query_1","TRUE","2.45201840304763e-08","89","98","10","0.102040816326531","0.112359550561798","GO:0000281","GO:BP","mitotic cytokinesis","21092","121","c(""GO:0061640"", ""GO:1903047"")","IGI,IMP IGI IBA IEA,IMP IEA,IC,IMP,IC,IDA,NAS,IDA IMP,IMP","26586,55165,10112,9212,24137,332,5347,9700,29127,1058","upregulated"
"73","query_1","TRUE","3.43754829263481e-08","92","98","10","0.102040816326531","0.108695652173913","GO:0050000","GO:BP","chromosome localization","21092","15211","GO:0051640","IDA IBA,IMP IBA,IMP,NAS,IDA IBA,IMP,IDA IC,IC,IDA IMP IBA IEA,IMP","1063,891,11004,9787,84722,3835,9212,332,10403,9928","upregulated"
"74","query_1","TRUE","4.58771243976477e-08","43","98","8","0.0816326530612245","0.186046511627907","GO:0071459","GO:BP","protein localization to chromosome, centromeric region","21092","19455","GO:0034502","IDA,IDA IBA IEA,IBA IEA,IMP,IEA,IMP,IBA,IDA IC","983,57082,7272,9212,701,10403,9735,1058","upregulated"
"75","query_1","TRUE","1.17380525705383e-07","73","98","9","0.0918367346938776","0.123287671232877","GO:0051310","GO:BP","metaphase plate congression","21092","15733","c(""GO:0051303"", ""GO:0098813"")","IDA IBA,IMP IBA,IMP,IDA IBA,IMP,IDA IC,IC,IDA IMP IBA IEA,IMP","1063,891,11004,84722,3835,9212,332,10403,9928","upregulated"
"76","query_1","TRUE","1.38541545067273e-07","701","98","20","0.204081632653061","0.0285306704707561","GO:0051129","GO:BP","negative regulation of cellular component organization","21092","15579","c(""GO:0016043"", ""GO:0048523"", ""GO:0051128"")","NAS,IMP,IBA IEA,IDA,IMP,IC,IDA IEA,IBA TAS IEA,IBA TAS IEA,IC IEA,IC,IDA IBA IC IEA,IMP IC,IMP,IMP,NAS,IDA,IDA IBA,IEA,NAS","1063,891,26586,22974,7153,991,899,699,7272,9212,332,701,10403,9928,5347,9700,9023,9735,3627,672","upregulated"
"77","query_1","TRUE","3.40619824909497e-07","18","98","6","0.0612244897959184","0.333333333333333","GO:1903083","GO:BP","protein localization to condensed chromosome","21092","26183","GO:0034502","IDA,IDA IBA IEA,IBA IEA,IMP,IMP,IBA","983,57082,7272,9212,10403,9735","upregulated"
"78","query_1","TRUE","3.40619824909497e-07","18","98","6","0.0612244897959184","0.333333333333333","GO:0034501","GO:BP","protein localization to kinetochore","21092","9947","c(""GO:0071459"", ""GO:1903083"")","IDA,IDA IBA IEA,IBA IEA,IMP,IMP,IBA","983,57082,7272,9212,10403,9735","upregulated"
"79","query_1","TRUE","3.8663282924359e-07","117","98","10","0.102040816326531","0.0854700854700855","GO:0061640","GO:BP","cytoskeleton-dependent cytokinesis","21092","18278","GO:0000910","IGI,IMP IGI IBA IEA,IMP IEA,IDA IC IEA,IMP,IC,IDA,NAS,IDA IMP,IMP","26586,55165,10112,9212,24137,332,5347,9700,29127,1058","upregulated"
"80","query_1","TRUE","4.06734507713772e-07","34","98","7","0.0714285714285714","0.205882352941176","GO:0007143","GO:BP","female meiotic nuclear division","21092","3044","c(""GO:0007292"", ""GO:0022412"", ""GO:0140013"")","IEA,IEA,IEA,IEA,IEA,IEA,IEA","9133,7153,6790,7272,10403,5347,23397","upregulated"
"81","query_1","TRUE","4.75585984088816e-07","85","98","9","0.0918367346938776","0.105882352941176","GO:0051303","GO:BP","establishment of chromosome localization","21092","15726","c(""GO:0050000"", ""GO:0051649"", ""GO:0051656"")","IDA IBA,IMP IBA,IMP,IDA IBA,IMP,IDA IC,IC,IDA IMP IBA IEA,IMP","1063,891,11004,84722,3835,9212,332,10403,9928","upregulated"
"82","query_1","TRUE","5.72822218550961e-07","58","98","8","0.0816326530612245","0.137931034482759","GO:0007080","GO:BP","mitotic metaphase plate congression","21092","2987","c(""GO:0000070"", ""GO:0051310"", ""GO:1903047"")","IMP IBA,IMP,IDA IBA,IMP,IDA IC,IC,IDA IMP IBA IEA,IMP","891,11004,84722,3835,9212,332,10403,9928","upregulated"
"83","query_1","TRUE","1.18724932802266e-06","94","98","9","0.0918367346938776","0.0957446808510638","GO:0032465","GO:BP","regulation of cytokinesis","21092","8763","c(""GO:0000910"", ""GO:0010564"", ""GO:0051302"")","IDA IEA,IBA,IDA,IMP ISS IBA TAS IC IEA,ISS IEA,IC,IMP,IDA IMP IBA,IDA IMP","9055,6790,10112,9212,79733,332,9928,5347,29127","upregulated"
"84","query_1","TRUE","1.96653573552577e-06","11","98","5","0.0510204081632653","0.454545454545455","GO:0051256","GO:BP","mitotic spindle midzone assembly","21092","15691","c(""GO:0000022"", ""GO:0051255"", ""GO:0090307"", ""GO:1903047"")","IBA,IMP TAS IC,IMP,IC,IDA","9055,9212,24137,332,29127","upregulated"
"85","query_1","TRUE","2.78977878577534e-06","44","98","7","0.0714285714285714","0.159090909090909","GO:0008608","GO:BP","attachment of spindle microtubules to kinetochore","21092","3624","c(""GO:0022402"", ""GO:0098813"")","IMP,IMP,IDA IBA IEA,IDA TAS IC,IC,IDA IMP IBA IEA,IMP","891,11004,57082,9212,332,10403,29127","upregulated"
"86","query_1","TRUE","2.83147882973301e-06","189","98","11","0.112244897959184","0.0582010582010582","GO:0051302","GO:BP","regulation of cell division","21092","15725","c(""GO:0050794"", ""GO:0051301"")","IDA IEA,IDA,IEA,IBA,IDA,IMP ISS IBA TAS IC IEA,ISS IEA,IC,IMP,IDA IMP IBA,IDA IMP","9055,146909,259266,6790,10112,9212,79733,332,9928,5347,29127","upregulated"
"87","query_1","TRUE","3.35881893296243e-06","12","98","5","0.0510204081632653","0.416666666666667","GO:0000022","GO:BP","mitotic spindle elongation","21092","10","c(""GO:0000070"", ""GO:0007052"", ""GO:0051231"", ""GO:1903047"")","IBA TAS,IMP TAS IC,IMP,IC,IDA","9055,9212,24137,332,29127","upregulated"
"88","query_1","TRUE","3.63525142740318e-06","939","98","21","0.214285714285714","0.0223642172523962","GO:0070925","GO:BP","organelle assembly","21092","19112","c(""GO:0006996"", ""GO:0022607"")","NAS,IEA,IBA,IDA IBA IEA,IBA,NAS,IEA,IEA,IEA,IDA IMP IBA IEA,IMP TAS IC,IMP,IC,IEA,IDA,IDA IMP IC,IEA,IDA,IBA,NAS,IDA","1063,9133,9055,22974,9787,57082,991,259266,6790,3832,9212,24137,332,10403,5347,6491,56992,29127,9735,672,1058","upregulated"
"89","query_1","TRUE","5.4380300903109e-06","13","98","5","0.0510204081632653","0.384615384615385","GO:0051231","GO:BP","spindle elongation","21092","15670","c(""GO:0007017"", ""GO:0007051"", ""GO:0022402"", ""GO:0098813"")","IBA TAS,IMP TAS IC,IMP,IC,IDA","9055,9212,24137,332,29127","upregulated"
"90","query_1","TRUE","8.36415902568303e-06","29","98","6","0.0612244897959184","0.206896551724138","GO:1905820","GO:BP","positive regulation of chromosome separation","21092","28656","c(""GO:0051304"", ""GO:0090068"", ""GO:1905818"")","IEA,NAS,IC,IC,NAS,IEA","64151,9787,9212,332,9700,23397","upregulated"
"91","query_1","TRUE","8.42808459176568e-06","14","98","5","0.0510204081632653","0.357142857142857","GO:0051255","GO:BP","spindle midzone assembly","21092","15690","c(""GO:0007017"", ""GO:0022402"", ""GO:0022607"", ""GO:0051225"")","IBA,IMP TAS IC,IMP,IC,IDA","9055,9212,24137,332,29127","upregulated"
"92","query_1","TRUE","8.44539579501142e-06","117","98","9","0.0918367346938776","0.0769230769230769","GO:0034502","GO:BP","protein localization to chromosome","21092","9948","GO:0033365","IDA,IDA IBA IEA,IBA IEA,IMP,IEA,IMP,IDA,IBA,IDA IC","983,57082,7272,9212,701,10403,5347,9735,1058","upregulated"
"93","query_1","TRUE","1.57780516761616e-05","32","98","6","0.0612244897959184","0.1875","GO:0034508","GO:BP","centromere complex assembly","21092","9952","c(""GO:0051276"", ""GO:0065004"")","NAS,IBA,IEA,IBA,IMP IBA,IDA","1063,9787,2491,9735,55355,1058","upregulated"
"94","query_1","TRUE","1.82537149524085e-05","16","98","5","0.0510204081632653","0.3125","GO:0000212","GO:BP","meiotic spindle organization","21092","101","c(""GO:0007051"", ""GO:1903046"")","IEA,IEA,IEA,IEA,IEA","9133,259266,6790,10403,9700","upregulated"
"95","query_1","TRUE","2.44451872247255e-05","92","98","8","0.0816326530612245","0.0869565217391304","GO:1901992","GO:BP","positive regulation of mitotic cell cycle phase transition","21092","25237","c(""GO:0044772"", ""GO:0045931"", ""GO:1901989"", ""GO:1901990"")","IDA,IMP,NAS,IBA,IMP,NAS,IDA,IDA","891,983,9787,995,51514,9700,6491,6241","upregulated"
"96","query_1","TRUE","2.61818078685914e-05","133","98","9","0.0918367346938776","0.0676691729323308","GO:0007098","GO:BP","centrosome cycle","21092","3003","c(""GO:0022402"", ""GO:0031023"")","TAS,IDA IEA,TAS IEA,IMP IEA,IMP,IDA,IMP,IDA IMP IBA,NAS IEA","983,899,6790,3832,9768,10403,5347,6491,672","upregulated"
"97","query_1","TRUE","3.39459918048313e-05","137","98","9","0.0918367346938776","0.0656934306569343","GO:0061982","GO:BP","meiosis I cell cycle process","21092","18464","GO:1903046","IEA,IBA,IBA,IEA,IEA,IEA,IEA,IEA,IDA","9133,7153,995,6790,332,10403,5347,9700,10635","upregulated"
"98","query_1","TRUE","5.9146034874544e-05","146","98","9","0.0918367346938776","0.0616438356164384","GO:0031023","GO:BP","microtubule organizing center organization","21092","8096","c(""GO:0000226"", ""GO:0007017"", ""GO:0016043"")","TAS,IDA IEA,TAS IEA,IMP IEA,IMP,IDA,IMP,IDA IMP IBA,NAS IEA","983,899,6790,3832,9768,10403,5347,6491,672","upregulated"
"99","query_1","TRUE","0.00012083013345985","9","98","4","0.0408163265306122","0.444444444444444","GO:0090306","GO:BP","meiotic spindle assembly","21092","21291","c(""GO:0000212"", ""GO:0051225"", ""GO:0140013"")","IEA,IEA,IEA,IEA","9133,259266,6790,10403","upregulated"
"100","query_1","TRUE","0.000124083841382329","113","98","8","0.0816326530612245","0.0707964601769911","GO:0000079","GO:BP","regulation of cyclin-dependent protein serine/threonine kinase activity","21092","39","c(""GO:0071900"", ""GO:1904029"")","TAS,IBA,IBA IEA,ISS IEA,IBA,TAS,IBA,IMP","1033,9133,891,84722,890,995,899,5347","upregulated"
"101","query_1","TRUE","0.000131453130964717","571","98","15","0.153061224489796","0.0262697022767075","GO:0051640","GO:BP","organelle localization","21092","15979","GO:0051179","IDA IBA,IMP IBA,IMP,NAS,IDA IBA,IMP IEA,IMP,IDA IC,IC,IDA IMP IBA IEA,IMP,IDA,NAS,ISS IEA,IMP","1063,891,11004,9787,84722,259266,3835,9212,332,10403,9928,5347,9700,2268,1058","upregulated"
"102","query_1","TRUE","0.00015230464648136","116","98","8","0.0816326530612245","0.0689655172413793","GO:1904029","GO:BP","regulation of cyclin-dependent protein kinase activity","21092","27011","c(""GO:0045859"", ""GO:0051726"")","TAS,IBA,IBA IEA,ISS IEA,IBA,TAS,IBA,IMP","1033,9133,891,84722,890,995,899,5347","upregulated"
"103","query_1","TRUE","0.00015230464648136","116","98","8","0.0816326530612245","0.0689655172413793","GO:1901989","GO:BP","positive regulation of cell cycle phase transition","21092","25234","c(""GO:0044770"", ""GO:0090068"", ""GO:1901987"")","IDA,IMP,NAS,IBA IEA,IMP,NAS,IDA,IDA","891,983,9787,995,51514,9700,6491,6241","upregulated"
"104","query_1","TRUE","0.000153434039456809","163","98","9","0.0918367346938776","0.0552147239263804","GO:0007292","GO:BP","female gamete generation","21092","3179","GO:0007276","IEA,IEA,IEA,IEA,IEA,IEA,IEA,IEA,IEA","9133,7153,259266,6790,7272,10403,5347,4327,23397","upregulated"
"105","query_1","TRUE","0.00017247174235927","24","98","5","0.0510204081632653","0.208333333333333","GO:0051383","GO:BP","kinetochore organization","21092","15791","GO:0051276","NAS,IBA,IMP IEA,IBA,IDA","1063,9787,10403,9735,1058","upregulated"
"106","query_1","TRUE","0.000211644671353455","121","98","8","0.0816326530612245","0.0661157024793388","GO:0045931","GO:BP","positive regulation of mitotic cell cycle","21092","13619","c(""GO:0000278"", ""GO:0007346"", ""GO:0045787"")","IDA IMP,IMP IEA,NAS,IBA,IMP,NAS,IDA,IDA","891,983,9787,995,51514,9700,6491,6241","upregulated"
"107","query_1","TRUE","0.000256186240596142","436","98","13","0.13265306122449","0.0298165137614679","GO:0051656","GO:BP","establishment of organelle localization","21092","15995","c(""GO:0051234"", ""GO:0051640"")","IDA IBA,IMP IBA,IMP,IDA IBA,IMP,IDA IC,IC,IDA IMP IBA IEA,IMP,IDA,NAS,ISS IEA,IMP","1063,891,11004,84722,3835,9212,332,10403,9928,5347,9700,2268,1058","upregulated"
"108","query_1","TRUE","0.000264964662909427","26","98","5","0.0510204081632653","0.192307692307692","GO:0051984","GO:BP","positive regulation of chromosome segregation","21092","16221","c(""GO:0007059"", ""GO:0048522"", ""GO:0051983"")","IMP,IEA,IDA IC,IC,IEA","891,64151,9212,332,23397","upregulated"
"109","query_1","TRUE","0.000314208260045766","11","98","4","0.0408163265306122","0.363636363636364","GO:0044771","GO:BP","meiotic cell cycle phase transition","21092","12959","c(""GO:0044770"", ""GO:1903046"")","IEA,IBA,IBA IEA,IEA","9133,995,7272,10403","upregulated"
"110","query_1","TRUE","0.0003630011756909","904","98","18","0.183673469387755","0.0199115044247788","GO:0051338","GO:BP","regulation of transferase activity","21092","15758","GO:0050790","TAS,IBA,IBA IEA,IDA IEA,ISS IEA,IBA,TAS,IDA IEA,IBA,IMP,IDA,IMP,IDA,IDA IMP TAS,IDA IBA,IDA,IMP ISS IEA,IEP","1033,9133,891,22974,84722,890,995,991,899,9212,701,9928,960,5347,63967,920,2268,3937","upregulated"
"111","query_1","TRUE","0.000391732306020289","131","98","8","0.0816326530612245","0.0610687022900763","GO:0007127","GO:BP","meiosis I","21092","3028","c(""GO:0061982"", ""GO:0140013"")","IEA,IBA,IEA,IEA,IEA,IEA,IEA,IDA","9133,7153,6790,332,10403,5347,9700,10635","upregulated"
"112","query_1","TRUE","0.000575410527180385","57","98","6","0.0612244897959184","0.105263157894737","GO:0007062","GO:BP","sister chromatid cohesion","21092","2970","c(""GO:0000819"", ""GO:0022402"", ""GO:0051276"")","IEA,IDA IBA,IMP,IBA,TAS,NAS","991,699,3835,701,5347,9700","upregulated"
"113","query_1","TRUE","0.000956725774034861","62","98","6","0.0612244897959184","0.0967741935483871","GO:0010972","GO:BP","negative regulation of G2/M transition of mitotic cell cycle","21092","5085","c(""GO:0000086"", ""GO:0010389"", ""GO:1901991"", ""GO:1902750"")","IBA IEA,ISS,IMP IBA,IDA,IDA IMP IBA,IMP IC IEA","983,9212,51514,5347,63967,672","upregulated"
"114","query_1","TRUE","0.00100952363249695","101","98","7","0.0714285714285714","0.0693069306930693","GO:0045132","GO:BP","meiotic chromosome segregation","21092","13119","c(""GO:0098813"", ""GO:0140013"", ""GO:1903046"")","IBA,IBA,IBA IEA,IBA,IEA,IBA IEA,IEA","7153,699,7272,701,5347,9700,23397","upregulated"
"115","query_1","TRUE","0.00108834523231117","34","98","5","0.0510204081632653","0.147058823529412","GO:0007095","GO:BP","mitotic G2 DNA damage checkpoint signaling","21092","3000","c(""GO:0044773"", ""GO:0044818"")","IBA IEA,IMP IBA,IDA,IDA IBA,IMP","983,51514,5347,63967,672","upregulated"
"116","query_1","TRUE","0.00115813141556325","64","98","6","0.0612244897959184","0.09375","GO:1902750","GO:BP","negative regulation of cell cycle G2/M phase transition","21092","25872","c(""GO:0044839"", ""GO:1901988"", ""GO:1902749"")","IBA IEA,ISS,IMP IBA,IDA,IDA IMP IBA,IMP IC IEA","983,9212,51514,5347,63967,672","upregulated"
"117","query_1","TRUE","0.0035866591290235","19","98","4","0.0408163265306122","0.210526315789474","GO:0051988","GO:BP","regulation of attachment of spindle microtubules to kinetochore","21092","16225","c(""GO:0008608"", ""GO:0010564"")","IMP,IDA IC,IC,IMP","891,9212,332,29127","upregulated"
"118","query_1","TRUE","0.0035866591290235","19","98","4","0.0408163265306122","0.210526315789474","GO:0051382","GO:BP","kinetochore assembly","21092","15790","c(""GO:0034508"", ""GO:0051383"", ""GO:0065003"", ""GO:0140694"")","NAS,IBA,IBA,IDA","1063,9787,9735,1058","upregulated"
"119","query_1","TRUE","0.00429056264701322","6","98","3","0.0306122448979592","0.5","GO:0016321","GO:BP","female meiosis chromosome segregation","21092","5777","c(""GO:0007143"", ""GO:0022412"", ""GO:0045132"")","IEA,IEA,IEA","7272,5347,23397","upregulated"
"120","query_1","TRUE","0.00429056264701322","6","98","3","0.0306122448979592","0.5","GO:0008315","GO:BP","G2/MI transition of meiotic cell cycle","21092","3577","c(""GO:0044771"", ""GO:0044839"", ""GO:0061982"")","IEA,IBA,IEA","9133,995,10403","upregulated"
"121","query_1","TRUE","0.00429056264701322","6","98","3","0.0306122448979592","0.5","GO:0007056","GO:BP","spindle assembly involved in female meiosis","21092","2965","c(""GO:0007143"", ""GO:0022412"", ""GO:0090306"")","IEA,IEA,IEA","9133,6790,10403","upregulated"
"122","query_1","TRUE","0.00446736286664803","20","98","4","0.0408163265306122","0.2","GO:1901970","GO:BP","positive regulation of mitotic sister chromatid separation","21092","25219","c(""GO:0010965"", ""GO:0051306"", ""GO:1905820"")","NAS,IC,IC,NAS","9787,9212,332,9700","upregulated"
"123","query_1","TRUE","0.00458941763712072","45","98","5","0.0510204081632653","0.111111111111111","GO:0060236","GO:BP","regulation of mitotic spindle organization","21092","16996","c(""GO:0007052"", ""GO:0090224"")","ISS IEA,IDA,IDA,IC,IEA","22974,84722,5347,6491,56992","upregulated"
"124","query_1","TRUE","0.00492531017865005","661","98","14","0.142857142857143","0.0211800302571861","GO:0045859","GO:BP","regulation of protein kinase activity","21092","13553","c(""GO:0001932"", ""GO:0043549"")","TAS,IBA,IBA IEA,IDA IEA,ISS IEA,IBA,TAS,IBA,IMP,IMP,IDA IBA,IDA,ISS IEA,IEP","1033,9133,891,22974,84722,890,995,899,9928,5347,63967,920,2268,3937","upregulated"
"125","query_1","TRUE","0.0053846249783365","185","98","8","0.0816326530612245","0.0432432432432432","GO:0042770","GO:BP","signal transduction in response to DNA damage","21092","11924","c(""GO:0006974"", ""GO:0035556"")","IBA IEA,IMP,IDA,IMP IBA,IDA,IDA IMP IBA,NAS,IMP IC","983,2305,960,51514,5347,63967,51512,672","upregulated"
"126","query_1","TRUE","0.00543081674888082","83","98","6","0.0612244897959184","0.072289156626506","GO:0044773","GO:BP","mitotic DNA damage checkpoint signaling","21092","12961","c(""GO:0000077"", ""GO:0044774"")","IBA IEA,IMP IBA,IDA,IDA IBA,NAS,IMP","983,51514,5347,63967,51512,672","upregulated"
"127","query_1","TRUE","0.00549886287825461","21","98","4","0.0408163265306122","0.19047619047619","GO:0051315","GO:BP","attachment of mitotic spindle microtubules to kinetochore","21092","15736","c(""GO:0007080"", ""GO:0008608"", ""GO:1903047"")","IMP,IDA IC,IC,IDA IMP IBA IEA","11004,9212,332,10403","upregulated"
"128","query_1","TRUE","0.00549886287825461","21","98","4","0.0408163265306122","0.19047619047619","GO:0090266","GO:BP","regulation of mitotic cell cycle spindle assembly checkpoint","21092","21252","c(""GO:0007088"", ""GO:0007094"", ""GO:0030071"", ""GO:0033047"", ""GO:1903504"")","IMP,IC,IC,IMP","891,9212,332,10403","upregulated"
"129","query_1","TRUE","0.00549886287825461","21","98","4","0.0408163265306122","0.19047619047619","GO:0090231","GO:BP","regulation of spindle checkpoint","21092","21218","c(""GO:0031577"", ""GO:1901976"")","IMP,IC,IC,IMP","891,9212,332,10403","upregulated"
"130","query_1","TRUE","0.00549886287825461","21","98","4","0.0408163265306122","0.19047619047619","GO:1903504","GO:BP","regulation of mitotic spindle checkpoint","21092","26542","c(""GO:0007346"", ""GO:0071174"", ""GO:0090231"")","IMP,IC,IC,IMP","891,9212,332,10403","upregulated"
"131","query_1","TRUE","0.00571992872001973","47","98","5","0.0510204081632653","0.106382978723404","GO:0030261","GO:BP","chromosome condensation","21092","7775","GO:0051276","IEA,IDA IBA IEA,IDA IBA NAS IEA,TAS,IDA IMP IBA IEA","983,7153,64151,5347,23397","upregulated"
"132","query_1","TRUE","0.00635661025132408","776","98","15","0.153061224489796","0.0193298969072165","GO:0043549","GO:BP","regulation of kinase activity","21092","12378","c(""GO:0042325"", ""GO:0051338"")","TAS,IBA,IBA IEA,IDA IEA,ISS IEA,IBA,TAS,IBA,IMP,IDA,IMP,IDA IBA,IDA,IMP ISS IEA,IEP","1033,9133,891,22974,84722,890,995,899,9928,960,5347,63967,920,2268,3937","upregulated"
"133","query_1","TRUE","0.00636163592414677","48","98","5","0.0510204081632653","0.104166666666667","GO:1901976","GO:BP","regulation of cell cycle checkpoint","21092","25223","c(""GO:0000075"", ""GO:1901987"", ""GO:1902531"")","IMP,IC,IC,IMP,IC","891,9212,332,10403,672","upregulated"
"134","query_1","TRUE","0.00705858643305449","49","98","5","0.0510204081632653","0.102040816326531","GO:0090224","GO:BP","regulation of spindle organization","21092","21211","c(""GO:0007051"", ""GO:0010564"", ""GO:0070507"")","ISS IEA,IDA,IDA,IC,IEA","22974,84722,5347,6491,56992","upregulated"
"135","query_1","TRUE","0.00715806599812618","87","98","6","0.0612244897959184","0.0689655172413793","GO:0044774","GO:BP","mitotic DNA integrity checkpoint signaling","21092","12962","c(""GO:0007093"", ""GO:0031570"")","IBA IEA,IMP IBA,IDA,IDA IMP IBA,NAS,IMP","983,51514,5347,63967,51512,672","upregulated"
"136","query_1","TRUE","0.00724543462657545","258","98","9","0.0918367346938776","0.0348837209302326","GO:0032886","GO:BP","regulation of microtubule-based process","21092","9079","c(""GO:0007017"", ""GO:0050794"")","IBA IEA,IDA ISS IEA,IDA ISS IEA,IDA IEA,TAS,IDA,IDA IMP IC,IEA,NAS","26586,22974,84722,899,6790,5347,6491,56992,672","upregulated"
"137","query_1","TRUE","0.00781413411575627","50","98","5","0.0510204081632653","0.1","GO:0044818","GO:BP","mitotic G2/M transition checkpoint","21092","12991","c(""GO:0007093"", ""GO:0010972"")","IBA IEA,IMP IBA,IDA,IDA IMP IBA,IMP IC IEA","983,51514,5347,63967,672","upregulated"
"138","query_1","TRUE","0.0114579295962074","25","98","4","0.0408163265306122","0.16","GO:0051307","GO:BP","meiotic chromosome separation","21092","15730","c(""GO:0045132"", ""GO:0051304"", ""GO:1903046"")","IBA,IBA IEA,IBA,IEA","7153,7272,9700,23397","upregulated"
"139","query_1","TRUE","0.0183483297061447","28","98","4","0.0408163265306122","0.142857142857143","GO:0010971","GO:BP","positive regulation of G2/M transition of mitotic cell cycle","21092","5084","c(""GO:0000086"", ""GO:0010389"", ""GO:1901992"", ""GO:1902751"")","IDA,IMP,IBA,IMP","891,983,995,51514","upregulated"
"140","query_1","TRUE","0.0194166559943198","60","98","5","0.0510204081632653","0.0833333333333333","GO:0051653","GO:BP","spindle localization","21092","15992","c(""GO:0022402"", ""GO:0051640"")","IMP,IMP,IDA,NAS,IMP","259266,10403,5347,9700,1058","upregulated"
"141","query_1","TRUE","0.0267117112913318","64","98","5","0.0510204081632653","0.078125","GO:0051445","GO:BP","regulation of meiotic cell cycle","21092","15825","c(""GO:0051321"", ""GO:0051726"", ""GO:2000241"")","IBA,IC IEA,IEA,IBA IEA,IDA","995,991,259266,7272,10635","upregulated"
"142","query_1","TRUE","0.0267117112913318","64","98","5","0.0510204081632653","0.078125","GO:0048247","GO:BP","lymphocyte chemotaxis","21092","14618","c(""GO:0030595"", ""GO:0072676"")","IBA,IDA IBA,IDA IBA,ISS IEA,IDA IMP","6362,6347,6354,9023,3627","upregulated"
"143","query_1","TRUE","0.0278970924510838","31","98","4","0.0408163265306122","0.129032258064516","GO:1902751","GO:BP","positive regulation of cell cycle G2/M phase transition","21092","25873","c(""GO:0044839"", ""GO:1901989"", ""GO:1902749"")","IDA,IMP,IBA IEA,IMP","891,983,995,51514","upregulated"
"144","query_1","TRUE","0.0348037717763562","11","98","3","0.0306122448979592","0.272727272727273","GO:0051987","GO:BP","positive regulation of attachment of spindle microtubules to kinetochore","21092","16224","c(""GO:0008608"", ""GO:0051984"", ""GO:0051988"", ""GO:0090068"")","IMP,IDA IC,IC","891,9212,332","upregulated"
"145","query_1","TRUE","0.0395179320509757","587","98","12","0.122448979591837","0.020442930153322","GO:0051347","GO:BP","positive regulation of transferase activity","21092","15767","c(""GO:0043085"", ""GO:0051338"")","IEA,IDA IEA,ISS IEA,IDA IEA,IMP,IMP,IDA,IDA IMP TAS,IDA IBA,IDA,IMP,IEP","891,22974,84722,991,9212,9928,960,5347,63967,920,2268,3937","upregulated"
"146","query_1","TRUE","0.0462484847082742","12","98","3","0.0306122448979592","0.25","GO:0090267","GO:BP","positive regulation of mitotic cell cycle spindle assembly checkpoint","21092","21253","c(""GO:0007094"", ""GO:0090068"", ""GO:0090232"", ""GO:0090266"")","IC,IC,IMP","9212,332,10403","upregulated"
"147","query_1","TRUE","0.0462484847082742","12","98","3","0.0306122448979592","0.25","GO:0090232","GO:BP","positive regulation of spindle checkpoint","21092","21219","c(""GO:0031577"", ""GO:0090231"", ""GO:1901978"")","IC,IC,IMP","9212,332,10403","upregulated"
"148","query_1","TRUE","1.10743534421499e-23","430","99","29","0.292929292929293","0.0674418604651163","GO:0005819","GO:CC","spindle","21690","459","c(""GO:0015630"", ""GO:0043232"")","IDA IBA IEA,IDA,IDA IEA,IDA IBA TAS IEA,IBA,IDA IEA,IDA ISS IBA TAS IEA,IDA IEA,IDA IBA,IDA IBA IEA,IDA ISS IBA IEA,TAS IEA,IDA IEA,IDA IBA TAS IEA,IDA IEA,IBA TAS,IDA TAS IEA,IDA IEA,IBA TAS IEA,TAS IEA,IBA IEA,IDA,IDA IEA,IDA IBA IEA,IBA,IDA,IEA,IDA IMP IEA,IDA IBA IC IEA","1063,891,3161,9055,11004,26586,22974,983,146909,9787,84722,991,259266,6790,10112,7272,3832,3835,9212,24137,332,701,9928,5347,9700,5778,56992,29127,9735","upregulated"
"149","query_1","TRUE","6.15015155493482e-19","277","99","22","0.222222222222222","0.0794223826714801","GO:0000793","GO:CC","condensed chromosome","21690","110","GO:0005694","IDA TAS IEA,IDA,IDA,IDA IEA,IEA,IBA IEA,IDA IC IEA,IDA IEA,IBA IEA,TAS,IDA IEA,IDA IBA IEA,IEA,IDA IEA,IDA IEA,IDA IPI IBA IC IEA,IDA IEA,IDA IPI IBA IEA,IEA,IDA,IDA IEA,IDA IEA","1063,4288,891,11004,7153,64151,57082,699,7272,3835,9212,2491,54821,332,701,10403,5347,9735,23397,55355,672,1058","upregulated"
"150","query_1","TRUE","3.76893903165289e-17","176","99","18","0.181818181818182","0.102272727272727","GO:0000779","GO:CC","condensed chromosome, centromeric region","21690","102","c(""GO:0000775"", ""GO:0000793"")","IDA TAS IEA,IDA,IDA IEA,IEA,IDA IC IEA,IDA IEA,IBA IEA,TAS,IDA IEA,IDA IBA IEA,IEA,IDA IEA,IDA IEA,IDA IPI IBA IC IEA,IDA IEA,IDA IPI IBA IEA,IDA,IDA IEA","1063,891,11004,64151,57082,699,7272,3835,9212,2491,54821,332,701,10403,5347,9735,55355,1058","upregulated"
"151","query_1","TRUE","5.31970081101824e-17","253","99","20","0.202020202020202","0.0790513833992095","GO:0000775","GO:CC","chromosome, centromeric region","21690","100","GO:0098687","IDA IBA TAS IEA,IDA,IDA IEA,IEA,IEA,IEA,IDA IC IEA,IDA IEA,IBA IEA,TAS,IDA IEA,IDA IBA IEA,IEA,IDA IEA,IDA IEA,IDA IPI IBA TAS IC IEA,IDA IEA,IDA IPI IBA IEA,IDA IBA IEA,IDA IPI TAS IEA","1063,891,11004,55320,7153,64151,57082,699,7272,3835,9212,2491,54821,332,701,10403,5347,9735,55355,1058","upregulated"
"152","query_1","TRUE","4.07893856086667e-16","166","99","17","0.171717171717172","0.102409638554217","GO:0000776","GO:CC","kinetochore","21690","101","c(""GO:0000779"", ""GO:0043232"", ""GO:0099080"")","IDA TAS IEA,IDA,IDA IEA,IDA IC IEA,IDA IEA,IBA IEA,TAS,IDA IEA,IDA IBA IEA,IEA,IDA IEA,IDA IEA,IDA IPI IBA IC IEA,IDA IEA,IDA IPI IBA IEA,IDA,IDA IEA","1063,891,11004,57082,699,7272,3835,9212,2491,54821,332,701,10403,5347,9735,55355,1058","upregulated"
"153","query_1","TRUE","1.11108971956144e-15","392","99","22","0.222222222222222","0.0561224489795918","GO:0098687","GO:CC","chromosomal region","21690","3605","c(""GO:0005694"", ""GO:0110165"")","IDA IBA TAS IEA,IDA,IDA IEA,IEA,HDA,IEA,IEA,IDA IC IEA,IDA IEA,IBA IEA,TAS,IDA IEA,IDA IBA IEA,IEA,IDA IEA,IDA IEA,IDA IPI IBA TAS IC IEA,IDA IEA,IDA IPI IBA IEA,IEA,IDA IBA IEA,IDA IPI TAS IEA","1063,891,11004,55320,983,7153,64151,57082,699,7272,3835,9212,2491,54821,332,701,10403,5347,9735,10635,55355,1058","upregulated"
"154","query_1","TRUE","2.99081860739692e-13","451","99","21","0.212121212121212","0.0465631929046563","GO:0005874","GO:CC","microtubule","21690","503","c(""GO:0015630"", ""GO:0099513"")","TAS IEA,IDA ISS IBA TAS IEA,IEA,IBA IEA,IDA,IDA IBA IEA,IDA IBA,IDA IEA,IDA IEA,IBA IEA,IDA IEA,IBA IEA,IBA,TAS IEA,IBA IEA,IDA IBA IEA,IDA,IBA IEA,IEA,IDA IBA IC,IDA IBA IEA","9055,11004,26586,22974,983,146909,84722,259266,6790,10112,3832,3835,9212,24137,332,9928,5347,56992,29127,9735,51512","upregulated"
"155","query_1","TRUE","1.33085861416395e-11","172","99","14","0.141414141414141","0.0813953488372093","GO:0000922","GO:CC","spindle pole","21690","136","c(""GO:0005819"", ""GO:0110165"")","IDA IBA,IDA,IEA,IEA,IDA IEA,IDA IBA,IDA IBA IEA,IEA,IDA IEA,IDA IBA IEA,IDA IEA,IBA IEA,IDA IBA IEA,IDA","1063,891,9055,26586,22974,9787,84722,991,259266,6790,3832,9212,5347,9735","upregulated"
"156","query_1","TRUE","3.39454540778175e-11","184","99","14","0.141414141414141","0.0760869565217391","GO:0072686","GO:CC","mitotic spindle","21690","3151","GO:0005819","IBA,IDA,IDA IBA,IDA,IBA,IDA IEA,IDA IEA,IDA,IDA,IEA,IEA,IBA,IDA,IDA IMP","9055,26586,22974,983,146909,259266,6790,3832,3835,9212,5347,9700,5778,29127","upregulated"
"157","query_1","TRUE","5.15100468757041e-11","86","99","11","0.111111111111111","0.127906976744186","GO:0005876","GO:CC","spindle microtubule","21690","505","c(""GO:0005819"", ""GO:0005874"")","TAS,IDA,IDA IBA,IDA IBA,IDA,IDA,IBA,TAS,IBA,IDA,IDA IBA IC","9055,983,146909,84722,6790,3832,9212,24137,332,5347,9735","upregulated"
"158","query_1","TRUE","8.33618482816887e-11","833","99","24","0.242424242424242","0.0288115246098439","GO:0005815","GO:CC","microtubule organizing center","21690","455","c(""GO:0015630"", ""GO:0110165"")","IEA,IDA IBA,IDA IBA IEA,IDA,IBA,IDA,IDA IEA,IDA,IDA IEA,IDA IBA,IEA,IEA,IDA IBA IEA,IDA IBA TAS IEA,IBA,IDA,IEA,IDA IEA,IDA IEA,IDA IBA IEA,IDA IBA,IDA IBA IEA,TAS,NAS","1063,9133,891,3161,11004,26586,983,7153,55165,9787,991,259266,899,6790,9212,9768,701,10403,51514,5347,9700,6491,56992,672","upregulated"
"159","query_1","TRUE","1.71848507546423e-10","207","99","14","0.141414141414141","0.0676328502415459","GO:0030496","GO:CC","midbody","21690","1110","GO:0110165","IDA,IDA IEA,IDA,IDA IBA IEA,ISS IEA,IEA,TAS,IDA,IDA TAS IEA,IDA IEA,IDA IEA,IDA IEA,IDA IEA,IDA IEA","1063,9055,983,55165,84722,259266,6790,10112,9212,24137,332,9928,5347,29127","upregulated"
"160","query_1","TRUE","2.04418457904662e-10","630","99","21","0.212121212121212","0.0333333333333333","GO:0005813","GO:CC","centrosome","21690","453","GO:0005815","IEA,IDA IBA,IDA IBA,IDA,IBA,IDA,IDA,IDA,IDA IBA,IEA,IEA,IDA IBA,IDA IBA TAS IEA,IBA,IDA,IDA IEA,IDA,IDA IBA IEA,IDA IBA,IDA IBA,TAS","1063,9133,891,3161,11004,26586,983,55165,9787,991,259266,899,6790,9212,9768,10403,51514,5347,9700,6491,56992","upregulated"
"161","query_1","TRUE","1.42411561782695e-09","779","99","22","0.222222222222222","0.0282413350449294","GO:0099513","GO:CC","polymeric cytoskeletal fiber","21690","3775","c(""GO:0005856"", ""GO:0099512"")","TAS IEA,IDA ISS IBA TAS IEA,IEA,IBA IEA,IDA,IDA IBA IEA,IDA IBA,IDA IEA,IBA,IDA IEA,IBA IEA,IDA IEA,IBA IEA,IBA,TAS IEA,IBA IEA,IDA IBA IEA,IDA,IBA IEA,IEA,IDA IBA IC,IDA IBA IEA","9055,11004,26586,22974,983,146909,84722,259266,81624,6790,10112,3832,3835,9212,24137,332,9928,5347,56992,29127,9735,51512","upregulated"
"162","query_1","TRUE","6.87834692182751e-08","36","99","7","0.0707070707070707","0.194444444444444","GO:0051233","GO:CC","spindle midzone","21690","2550","c(""GO:0005819"", ""GO:0110165"")","IBA,IBA,IBA,IBA IEA,IDA,IDA,IDA","9055,146909,6790,9212,9928,5347,29127","upregulated"
"163","query_1","TRUE","6.17230745441944e-07","13","99","5","0.0505050505050505","0.384615384615385","GO:0000940","GO:CC","outer kinetochore","21690","148","c(""GO:0000776"", ""GO:0032991"")","IDA TAS,IDA,IDA IEA,IDA,IDA","1063,891,701,10403,5347","upregulated"
"164","query_1","TRUE","7.81297182466368e-07","50","99","7","0.0707070707070707","0.14","GO:0005871","GO:CC","kinesin complex","21690","500","GO:0005875","IBA TAS,IBA,IBA,TAS,IBA,IBA,IBA TAS","11004,146909,10112,3832,3835,9928,56992","upregulated"
"165","query_1","TRUE","1.18558525658864e-06","165","99","10","0.101010101010101","0.0606060606060606","GO:0005875","GO:CC","microtubule associated complex","21690","504","c(""GO:0015630"", ""GO:0032991"")","IBA TAS,IBA,IBA,IBA,TAS,IBA,IPI IBA TAS IEA,IPI,IBA,IBA TAS","11004,146909,6790,10112,3832,3835,9212,332,9928,56992","upregulated"
"166","query_1","TRUE","0.000504105670032147","6","99","3","0.0303030303030303","0.5","GO:0032133","GO:CC","chromosome passenger complex","21690","1473","GO:0005875","IBA,IPI IBA TAS IEA,IPI","6790,9212,332","upregulated"
"167","query_1","TRUE","0.00119110651179046","53","99","5","0.0505050505050505","0.0943396226415094","GO:0000307","GO:CC","cyclin-dependent protein kinase holoenzyme complex","21690","58","GO:1902554","IBA,IDA IPI IBA,IDA IPI IMP,IDA IPI IBA IEA,IBA","9133,891,983,890,899","upregulated"
"168","query_1","TRUE","0.00738404694929433","38","99","4","0.0404040404040404","0.105263157894737","GO:0097431","GO:CC","mitotic spindle pole","21690","3342","c(""GO:0000922"", ""GO:0072686"")","IDA IEA,IDA,IEA,IEA","259266,6790,9212,5347","upregulated"
"169","query_1","TRUE","0.00893414577993134","14","99","3","0.0303030303030303","0.214285714285714","GO:1990023","GO:CC","mitotic spindle midzone","21690","4129","c(""GO:0051233"", ""GO:0072686"")","IBA,IBA,IEA","9055,146909,9212","upregulated"
"170","query_1","TRUE","0.0111306819047828","15","99","3","0.0303030303030303","0.2","GO:0031616","GO:CC","spindle pole centrosome","21690","1404","c(""GO:0000922"", ""GO:0005813"")","IDA IBA,IDA IBA,IBA","9787,6790,9212","upregulated"
"171","query_1","TRUE","0.0111306819047828","15","99","3","0.0303030303030303","0.2","GO:0045120","GO:CC","pronucleus","21690","2429","GO:0005634","IEA,IEA,IEA","1063,890,6790","upregulated"
"172","query_1","TRUE","0.0175267103193848","681","99","12","0.121212121212121","0.0176211453744493","GO:0098552","GO:CC","side of membrane","21690","3544","c(""GO:0016020"", ""GO:0110165"")","IBA,IDA,IDA,IDA IBA IEA,IBA,IBA,IBA,IBA,IEA,IBA NAS,IBA,IDA IBA","3543,5778,29127,920,3568,50856,3683,57823,3627,3684,2268,1234","upregulated"
"173","query_1","TRUE","0.0201227250123994","153","99","6","0.0606060606060606","0.0392156862745098","GO:0005814","GO:CC","centriole","21690","454","c(""GO:0005815"", ""GO:0043232"")","IDA,IEA,IDA IEA,IEA,IEA,IDA IBA IEA","7153,55165,899,6790,5347,6491","upregulated"
"174","query_1","TRUE","3.61646865842161e-13","276","97","18","0.185567010309278","0.0652173913043478","GO:0008017","GO:MF","microtubule binding","20166","1928","GO:0015631","IEA,IBA IEA,IDA IBA IEA,IBA,IBA IEA,IBA,ISS IBA IEA,IBA,IBA IEA,IEA,IBA IEA,IEA,TAS,ISS IBA IEA,IDA,IBA IEA,IDA,IBA","1063,9055,11004,22974,146909,9787,84722,81624,10112,3832,3835,24137,332,9928,5347,56992,29127,51512","upregulated"
"175","query_1","TRUE","8.69894070733027e-12","385","97","19","0.195876288659794","0.0493506493506494","GO:0015631","GO:MF","tubulin binding","20166","3351","GO:0008092","IEA,IBA IEA,IDA IBA IEA,IBA,IBA IEA,IBA,ISS IBA IEA,IBA,IBA IEA,IEA,IBA IEA,IEA,TAS,ISS IBA IEA,IDA,IBA IEA,IDA,IBA,NAS","1063,9055,11004,22974,146909,9787,84722,81624,10112,3832,3835,24137,332,9928,5347,56992,29127,51512,672","upregulated"
"176","query_1","TRUE","4.33497205797453e-07","68","97","8","0.0824742268041237","0.117647058823529","GO:0003777","GO:MF","microtubule motor activity","20166","468","c(""GO:0003774"", ""GO:0140657"")","IBA TAS IEA,IBA IEA,IBA IEA,IBA TAS IEA,IBA TAS IEA,TAS IEA,ISS IBA IEA,IBA IEA","11004,146909,10112,3832,3835,24137,9928,56992","upregulated"
"177","query_1","TRUE","2.16505241337634e-05","9","97","4","0.0412371134020619","0.444444444444444","GO:0010997","GO:MF","anaphase-promoting complex binding","20166","2847","GO:0044877","IBA IEA,IDA,IPI,IPI IBA","991,899,5347,63967","upregulated"
"178","query_1","TRUE","2.883669477968e-05","115","97","8","0.0824742268041237","0.0695652173913043","GO:0003774","GO:MF","cytoskeletal motor activity","20166","465","GO:0003674","IBA TAS IEA,IDA IBA IEA,IBA IEA,IBA TAS IEA,IBA TAS IEA,TAS IEA,ISS IBA IEA,IBA TAS IEA","11004,146909,10112,3832,3835,24137,9928,56992","upregulated"
"179","query_1","TRUE","0.000345896032219317","785","97","16","0.164948453608247","0.0203821656050955","GO:0019900","GO:MF","kinase binding","20166","4611","GO:0019899","IPI,IPI,IPI IEA,IPI,IPI IEA,IPI,IPI,IPI,IPI,IPI,IPI,IPI,IPI,IPI,IPI IBA,ISS IEA","891,9055,22974,7153,890,995,6790,10112,3832,9212,2305,9928,5347,29127,920,2268","upregulated"
"180","query_1","TRUE","0.000438124519565253","702","97","15","0.154639175257732","0.0213675213675214","GO:0019901","GO:MF","protein kinase binding","20166","4612","GO:0019900","IPI,IPI,IPI IEA,IPI,IPI IEA,IPI,IPI,IPI,IPI,IPI,IPI,IPI,IPI,IPI IBA,ISS IEA","891,9055,22974,7153,890,995,6790,10112,3832,2305,9928,5347,29127,920,2268","upregulated"
"181","query_1","TRUE","0.020290644212015","447","97","10","0.103092783505155","0.0223713646532438","GO:0004712","GO:MF","protein serine/threonine/tyrosine kinase activity","20166","1282","GO:0004672","IEA,IEA,IEA,TAS IEA,IBA IEA,IEA,TAS IEA,IEA,IEA,IEA","983,55872,699,6790,7272,9833,9212,701,5347,2268","upregulated"
"182","query_1","TRUE","0.0208212627471806","360","97","9","0.0927835051546392","0.025","GO:0106310","GO:MF","protein serine kinase activity","20166","11592","GO:0004672","IEA,IEA,IEA,IEA,IEA,IEA,IEA,IEA,IEA","983,55872,699,6790,7272,9833,9212,701,5347","upregulated"
"183","query_1","TRUE","0.0243103210374104","17","97","3","0.0309278350515464","0.176470588235294","GO:0008574","GO:MF","plus-end-directed microtubule motor activity","20166","2273","GO:0003777","IBA,IBA,ISS IEA","146909,3832,9928","upregulated"
"184","query_1","TRUE","0.028956942744072","48","97","4","0.0412371134020619","0.0833333333333333","GO:0016538","GO:MF","cyclin-dependent protein serine/threonine kinase regulator activity","20166","3582","GO:0019887","IBA,IDA IBA,IDA IBA,IBA","9133,891,890,899","upregulated"
"185","query_1","TRUE","0.034021541477453","50","97","4","0.0412371134020619","0.08","GO:0008009","GO:MF","chemokine activity","20166","1922","c(""GO:0005125"", ""GO:0042379"")","IBA TAS IEA,IBA TAS IEA,IDA IBA TAS IEA,IDA IBA TAS IEA","6362,6347,6354,3627","upregulated"
"186","query_1","TRUE","0.0344010632148197","19","97","3","0.0309278350515464","0.157894736842105","GO:0035173","GO:MF","histone kinase activity","20166","6251","GO:0004672","IDA IEA,IBA IEA,IBA IEA","983,6790,9212","upregulated"
"187","query_1","TRUE","0.0409950155177018","586","97","11","0.11340206185567","0.0187713310580205","GO:0004672","GO:MF","protein kinase activity","20166","1251","c(""GO:0016301"", ""GO:0016773"", ""GO:0140096"")","TAS,IDA IMP IBA TAS NAS IEA,TAS IEA,IBA TAS IEA,EXP IDA IMP IBA TAS IEA,IBA TAS IEA,IDA IBA IEA,EXP IDA IBA TAS IEA,IBA TAS NAS IEA,EXP IDA IMP IBA TAS IEA,EXP IDA IBA TAS IEA","6347,983,55872,699,6790,7272,9833,9212,701,5347,2268","upregulated"
"188","query_1","TRUE","2.59021836952011e-17","678","81","34","0.419753086419753","0.0501474926253687","REAC:R-HSA-1640170","REAC","Cell Cycle","10461","308","REAC:0000000","REAC,REAC,REAC,REAC,REAC,REAC,REAC,REAC,REAC,REAC,REAC,REAC,REAC,REAC,REAC,REAC,REAC,REAC,REAC,REAC,REAC,REAC,REAC,REAC,REAC,REAC,REAC,REAC,REAC,REAC,REAC,REAC,REAC,REAC","1063,9133,891,3161,11004,55320,22974,983,7153,64151,890,57082,995,991,699,6790,10112,9212,2491,54821,332,2305,701,10403,5347,9700,63967,9735,6241,23397,51512,55355,672,1058","upregulated"
"189","query_1","TRUE","6.96676093373514e-16","548","81","30","0.37037037037037","0.0547445255474453","REAC:R-HSA-69278","REAC","Cell Cycle, Mitotic","10461","310","REAC:R-HSA-1640170","REAC,REAC,REAC,REAC,REAC,REAC,REAC,REAC,REAC,REAC,REAC,REAC,REAC,REAC,REAC,REAC,REAC,REAC,REAC,REAC,REAC,REAC,REAC,REAC,REAC,REAC,REAC,REAC,REAC,REAC","1063,9133,891,3161,11004,22974,983,7153,64151,890,57082,995,991,699,6790,10112,9212,2491,54821,332,2305,701,10403,5347,9700,9735,6241,23397,51512,1058","upregulated"
"190","query_1","TRUE","1.20611302897064e-14","123","81","17","0.209876543209877","0.138211382113821","REAC:R-HSA-2500257","REAC","Resolution of Sister Chromatid Cohesion","10461","1947","REAC:R-HSA-68877","REAC,REAC,REAC,REAC,REAC,REAC,REAC,REAC,REAC,REAC,REAC,REAC,REAC,REAC,REAC,REAC,REAC","1063,9133,891,11004,983,57082,991,699,9212,2491,54821,332,701,10403,5347,9735,1058","upregulated"
"191","query_1","TRUE","7.45253542773826e-14","290","81","22","0.271604938271605","0.0758620689655172","REAC:R-HSA-69620","REAC","Cell Cycle Checkpoints","10461","309","REAC:R-HSA-1640170","REAC,REAC,REAC,REAC,REAC,REAC,REAC,REAC,REAC,REAC,REAC,REAC,REAC,REAC,REAC,REAC,REAC,REAC,REAC,REAC,REAC,REAC","1063,9133,891,11004,983,890,57082,995,991,699,9212,2491,54821,332,701,10403,5347,63967,9735,51512,672,1058","upregulated"
"192","query_1","TRUE","1.60653581897532e-13","199","81","19","0.234567901234568","0.0954773869346734","REAC:R-HSA-68877","REAC","Mitotic Prometaphase","10461","1398","REAC:R-HSA-68886","REAC,REAC,REAC,REAC,REAC,REAC,REAC,REAC,REAC,REAC,REAC,REAC,REAC,REAC,REAC,REAC,REAC,REAC,REAC","1063,9133,891,11004,983,64151,57082,991,699,9212,2491,54821,332,701,10403,5347,9735,23397,1058","upregulated"
"193","query_1","TRUE","2.34597078624686e-12","92","81","14","0.172839506172839","0.152173913043478","REAC:R-HSA-141424","REAC","Amplification of signal from the kinetochores","10461","138","REAC:R-HSA-69618","REAC,REAC,REAC,REAC,REAC,REAC,REAC,REAC,REAC,REAC,REAC,REAC,REAC,REAC","1063,11004,57082,991,699,9212,2491,54821,332,701,10403,5347,9735,1058","upregulated"
"194","query_1","TRUE","2.34597078624686e-12","92","81","14","0.172839506172839","0.152173913043478","REAC:R-HSA-141444","REAC","Amplification  of signal from unattached  kinetochores via a MAD2  inhibitory signal","10461","137","REAC:R-HSA-141424","REAC,REAC,REAC,REAC,REAC,REAC,REAC,REAC,REAC,REAC,REAC,REAC,REAC,REAC","1063,11004,57082,991,699,9212,2491,54821,332,701,10403,5347,9735,1058","upregulated"
"195","query_1","TRUE","2.6942037423525e-11","109","81","14","0.172839506172839","0.128440366972477","REAC:R-HSA-69618","REAC","Mitotic Spindle Checkpoint","10461","1400","REAC:R-HSA-69620","REAC,REAC,REAC,REAC,REAC,REAC,REAC,REAC,REAC,REAC,REAC,REAC,REAC,REAC","1063,11004,57082,991,699,9212,2491,54821,332,701,10403,5347,9735,1058","upregulated"
"196","query_1","TRUE","2.97368171802509e-11","228","81","18","0.222222222222222","0.0789473684210526","REAC:R-HSA-68882","REAC","Mitotic Anaphase","10461","1393","REAC:R-HSA-2555396","REAC,REAC,REAC,REAC,REAC,REAC,REAC,REAC,REAC,REAC,REAC,REAC,REAC,REAC,REAC,REAC,REAC,REAC","1063,9133,891,11004,983,57082,991,699,9212,2491,54821,332,701,10403,5347,9700,9735,1058","upregulated"
"197","query_1","TRUE","3.20757559807087e-11","136","81","15","0.185185185185185","0.110294117647059","REAC:R-HSA-5663220","REAC","RHO GTPases Activate Formins","10461","1745","REAC:R-HSA-195258","REAC,REAC,REAC,REAC,REAC,REAC,REAC,REAC,REAC,REAC,REAC,REAC,REAC,REAC,REAC","1063,11004,57082,991,81624,699,9212,2491,54821,332,701,10403,5347,9735,1058","upregulated"
"198","query_1","TRUE","3.20862557368567e-11","229","81","18","0.222222222222222","0.0786026200873362","REAC:R-HSA-2555396","REAC","Mitotic Metaphase and Anaphase","10461","1396","REAC:R-HSA-68886","REAC,REAC,REAC,REAC,REAC,REAC,REAC,REAC,REAC,REAC,REAC,REAC,REAC,REAC,REAC,REAC,REAC,REAC","1063,9133,891,11004,983,57082,991,699,9212,2491,54821,332,701,10403,5347,9700,9735,1058","upregulated"
"199","query_1","TRUE","5.76873174446823e-11","115","81","14","0.172839506172839","0.121739130434783","REAC:R-HSA-9648025","REAC","EML4 and NUDC in mitotic spindle formation","10461","778","REAC:R-HSA-68877","REAC,REAC,REAC,REAC,REAC,REAC,REAC,REAC,REAC,REAC,REAC,REAC,REAC,REAC","1063,11004,57082,991,699,9212,2491,54821,332,701,10403,5347,9735,1058","upregulated"
"200","query_1","TRUE","8.169247582739e-10","407","81","21","0.259259259259259","0.0515970515970516","REAC:R-HSA-68886","REAC","M Phase","10461","1272","REAC:R-HSA-69278","REAC,REAC,REAC,REAC,REAC,REAC,REAC,REAC,REAC,REAC,REAC,REAC,REAC,REAC,REAC,REAC,REAC,REAC,REAC,REAC,REAC","1063,9133,891,11004,983,64151,57082,991,699,10112,9212,2491,54821,332,701,10403,5347,9700,9735,23397,1058","upregulated"
"201","query_1","TRUE","3.79180643848682e-09","188","81","15","0.185185185185185","0.0797872340425532","REAC:R-HSA-2467813","REAC","Separation of Sister Chromatids","10461","2059","REAC:R-HSA-68882","REAC,REAC,REAC,REAC,REAC,REAC,REAC,REAC,REAC,REAC,REAC,REAC,REAC,REAC,REAC","1063,11004,57082,991,699,9212,2491,54821,332,701,10403,5347,9700,9735,1058","upregulated"
"202","query_1","TRUE","9.01202575580732e-09","319","81","18","0.222222222222222","0.0564263322884013","REAC:R-HSA-195258","REAC","RHO GTPase Effectors","10461","1743","REAC:R-HSA-194315","REAC,REAC,REAC,REAC,REAC,REAC,REAC,REAC,REAC,REAC,REAC,REAC,REAC,REAC,REAC,REAC,REAC,REAC","1063,9055,11004,57082,995,991,81624,699,9212,2491,54821,332,701,10403,9928,5347,9735,1058","upregulated"
"203","query_1","TRUE","1.92157850407785e-07","25","81","7","0.0864197530864197","0.28","REAC:R-HSA-69273","REAC","Cyclin A/B1/B2 associated events during G2/M transition","10461","396","REAC:R-HSA-69275","REAC,REAC,REAC,REAC,REAC,REAC,REAC","9133,891,983,890,995,2305,5347","upregulated"
"204","query_1","TRUE","2.95060363686312e-07","15","81","6","0.0740740740740741","0.4","REAC:R-HSA-156711","REAC","Polo-like kinase mediated events","10461","1668","REAC:R-HSA-69275","REAC,REAC,REAC,REAC,REAC,REAC","1063,9133,891,995,2305,5347","upregulated"
"205","query_1","TRUE","3.81923383296587e-06","11","81","5","0.0617283950617284","0.454545454545455","REAC:R-HSA-2514853","REAC","Condensation of Prometaphase Chromosomes","10461","371","REAC:R-HSA-68877","REAC,REAC,REAC,REAC,REAC","9133,891,983,64151,23397","upregulated"
"206","query_1","TRUE","5.85669986649061e-06","60","81","8","0.0987654320987654","0.133333333333333","REAC:R-HSA-983189","REAC","Kinesins","10461","1224","REAC:R-HSA-983231","REAC,REAC,REAC,REAC,REAC,REAC,REAC,REAC","11004,146909,10112,3832,3835,24137,56992,29127","upregulated"
"207","query_1","TRUE","1.00585911079867e-05","195","81","12","0.148148148148148","0.0615384615384615","REAC:R-HSA-69275","REAC","G2/M Transition","10461","949","REAC:R-HSA-453274","REAC,REAC,REAC,REAC,REAC,REAC,REAC,REAC,REAC,REAC,REAC,REAC","1063,9133,891,3161,22974,983,890,995,6790,2305,5347,51512","upregulated"
"208","query_1","TRUE","1.1269664987655e-05","197","81","12","0.148148148148148","0.0609137055837563","REAC:R-HSA-453274","REAC","Mitotic G2-G2/M phases","10461","1395","REAC:R-HSA-69278","REAC,REAC,REAC,REAC,REAC,REAC,REAC,REAC,REAC,REAC,REAC,REAC","1063,9133,891,3161,22974,983,890,995,6790,2305,5347,51512","upregulated"
"209","query_1","TRUE","1.72599019141234e-05","6","81","4","0.0493827160493827","0.666666666666667","REAC:R-HSA-176417","REAC","Phosphorylation of Emi1","10461","1650","REAC:R-HSA-176408","REAC,REAC,REAC,REAC","891,983,991,5347","upregulated"
"210","query_1","TRUE","4.00359435174942e-05","7","81","4","0.0493827160493827","0.571428571428571","REAC:R-HSA-2980767","REAC","Activation of NIMA Kinases NEK9, NEK6, NEK7","10461","84","REAC:R-HSA-2980766","REAC,REAC,REAC,REAC","9133,891,983,5347","upregulated"
"211","query_1","TRUE","8.74147316560356e-05","702","81","20","0.246913580246914","0.0284900284900285","REAC:R-HSA-194315","REAC","Signaling by Rho GTPases","10461","2156","REAC:R-HSA-9716542","REAC,REAC,REAC,REAC,REAC,REAC,REAC,REAC,REAC,REAC,REAC,REAC,REAC,REAC,REAC,REAC,REAC,REAC,REAC,REAC","1063,9055,11004,57082,995,991,81624,699,9212,2491,54821,332,701,10403,9928,5347,29127,9735,9824,1058","upregulated"
"212","query_1","TRUE","0.000122854882410574","717","81","20","0.246913580246914","0.0278940027894003","REAC:R-HSA-9716542","REAC","Signaling by Rho GTPases, Miro GTPases and RHOBTB3","10461","2157","REAC:R-HSA-162582","REAC,REAC,REAC,REAC,REAC,REAC,REAC,REAC,REAC,REAC,REAC,REAC,REAC,REAC,REAC,REAC,REAC,REAC,REAC,REAC","1063,9055,11004,57082,995,991,81624,699,9212,2491,54821,332,701,10403,9928,5347,29127,9735,9824,1058","upregulated"
"213","query_1","TRUE","0.000123582523880304","88","81","8","0.0987654320987654","0.0909090909090909","REAC:R-HSA-453276","REAC","Regulation of mitotic cell cycle","10461","1914","REAC:R-HSA-69278","REAC,REAC,REAC,REAC,REAC,REAC,REAC,REAC","891,983,890,991,6790,9212,701,5347","upregulated"
"214","query_1","TRUE","0.000123582523880304","88","81","8","0.0987654320987654","0.0909090909090909","REAC:R-HSA-174143","REAC","APC/C-mediated degradation of cell cycle proteins","10461","21","REAC:R-HSA-453276","REAC,REAC,REAC,REAC,REAC,REAC,REAC,REAC","891,983,890,991,6790,9212,701,5347","upregulated"
"215","query_1","TRUE","0.000307362510182264","99","81","8","0.0987654320987654","0.0808080808080808","REAC:R-HSA-6811434","REAC","COPI-dependent Golgi-to-ER retrograde traffic","10461","265","REAC:R-HSA-8856688","REAC,REAC,REAC,REAC,REAC,REAC,REAC,REAC","11004,146909,10112,3832,3835,24137,56992,29127","upregulated"
"216","query_1","TRUE","0.000668606829130548","49","81","6","0.0740740740740741","0.122448979591837","REAC:R-HSA-6791312","REAC","TP53 Regulates Transcription of Cell Cycle Genes","10461","2296","REAC:R-HSA-3700989","REAC,REAC,REAC,REAC,REAC,REAC","891,983,890,995,6790,79733","upregulated"
"217","query_1","TRUE","0.000789417851565147","13","81","4","0.0493827160493827","0.307692307692308","REAC:R-HSA-162658","REAC","Golgi Cisternae Pericentriolar Stack Reorganization","10461","1021","REAC:R-HSA-68875","REAC,REAC,REAC,REAC","9133,891,983,5347","upregulated"
"218","query_1","TRUE","0.0028462135715745","133","81","8","0.0987654320987654","0.0601503759398496","REAC:R-HSA-8856688","REAC","Golgi-to-ER retrograde transport","10461","1022","REAC:R-HSA-6811442","REAC,REAC,REAC,REAC,REAC,REAC,REAC,REAC","11004,146909,10112,3832,3835,24137,56992,29127","upregulated"
"219","query_1","TRUE","0.00328032433866247","18","81","4","0.0493827160493827","0.222222222222222","REAC:R-HSA-6804114","REAC","TP53 Regulates Transcription of Genes Involved in G2 Cell Cycle Arrest","10461","2302","REAC:R-HSA-6791312","REAC,REAC,REAC,REAC","891,983,995,6790","upregulated"
"220","query_1","TRUE","0.00954288489635087","77","81","6","0.0740740740740741","0.0779220779220779","REAC:R-HSA-176814","REAC","Activation of APC/C and APC/C:Cdc20 mediated degradation of mitotic proteins","10461","70","REAC:R-HSA-174143","REAC,REAC,REAC,REAC,REAC,REAC","891,983,890,991,701,5347","upregulated"
"221","query_1","TRUE","0.01274542483414","81","81","6","0.0740740740740741","0.0740740740740741","REAC:R-HSA-176408","REAC","Regulation of APC/C activators between G1/S and early anaphase","10461","1859","REAC:R-HSA-174143","REAC,REAC,REAC,REAC,REAC,REAC","891,983,890,991,701,5347","upregulated"
"222","query_1","TRUE","0.0154564870983627","123","81","7","0.0864197530864197","0.0569105691056911","REAC:R-HSA-2132295","REAC","MHC class II antigen presentation","10461","1298","REAC:R-HSA-1280218","REAC,REAC,REAC,REAC,REAC,REAC,REAC","11004,10112,3832,3835,24137,56992,29127","upregulated"
"223","query_1","TRUE","0.0161935834127086","169","81","8","0.0987654320987654","0.0473372781065089","REAC:R-HSA-983231","REAC","Factors involved in megakaryocyte development and platelet production","10461","883","REAC:R-HSA-109582","REAC,REAC,REAC,REAC,REAC,REAC,REAC,REAC","11004,146909,10112,3832,3835,24137,56992,29127","upregulated"
"224","query_1","TRUE","0.0327341175857283","359","81","11","0.135802469135802","0.0306406685236769","REAC:R-HSA-3700989","REAC","Transcriptional Regulation by TP53","10461","2389","REAC:R-HSA-212436","REAC,REAC,REAC,REAC,REAC,REAC,REAC,REAC,REAC,REAC,REAC","891,22974,983,890,995,6790,9212,79733,332,55215,672","upregulated"
"225","query_1","TRUE","0.042215285826747","13","81","3","0.037037037037037","0.230769230769231","REAC:R-HSA-75035","REAC","Chk1/Chk2(Cds1) mediated inactivation of Cyclin B:Cdk1 complex","10461","333","REAC:R-HSA-69473","REAC,REAC,REAC","891,983,995","upregulated"
"226","query_1","TRUE","3.97211237349409e-06","120","62","10","0.161290322580645","0.0833333333333333","WP:WP179","WP","Cell cycle","7827","206","WP:000000","WP,WP,WP,WP,WP,WP,WP,WP,WP,WP","9133,891,983,890,995,991,699,7272,5347,9700","upregulated"
"227","query_1","TRUE","6.67528921121897e-05","90","62","8","0.129032258064516","0.0888888888888889","WP:WP2446","WP","Retinoblastoma gene in cancer","7827","379","WP:000000","WP,WP,WP,WP,WP,WP,WP,WP","9133,891,983,7153,890,7272,24137,6241","upregulated"
"228","query_1","TRUE","0.000130360282975086","218","62","11","0.17741935483871","0.0504587155963303","WP:WP5115","WP","Network map of SARS-CoV-2 signaling pathway","7827","24","WP:000000","WP,WP,WP,WP,WP,WP,WP,WP,WP,WP,WP","9133,891,6347,983,3543,332,6241,920,51512,3627,1234","upregulated"
"229","query_1","TRUE","0.000332441885003844","28","62","5","0.0806451612903226","0.178571428571429","WP:WP2361","WP","Gastric cancer network 1","7827","549","WP:000000","WP,WP,WP,WP,WP","1063,22974,7153,6790,56992","upregulated"
"230","query_1","TRUE","0.000446978721025271","81","62","7","0.112903225806452","0.0864197530864197","WP:WP4016","WP","DNA IR-damage and cellular response via ATR","7827","401","WP:000000","WP,WP,WP,WP,WP,WP,WP","983,995,2305,55215,5347,63967,672","upregulated"
"231","query_1","TRUE","0.000671007849866103","15","62","4","0.0645161290322581","0.266666666666667","WP:WP4240","WP","Regulation of sister chromatid separation at the metaphase-anaphase transition","7827","454","WP:000000","WP,WP,WP,WP","991,699,701,9700","upregulated"
"232","query_1","TRUE","0.0203678346203623","34","62","4","0.0645161290322581","0.117647058823529","WP:WP5117","WP","Cohesin complex - Cornelia de Lange syndrome","7827","57","WP:000000","WP,WP,WP,WP","983,9212,5347,9700","upregulated"
"233","query_1","TRUE","0.0276566845881863","68","62","5","0.0806451612903226","0.0735294117647059","WP:WP707","WP","DNA damage response","7827","546","WP:000000","WP,WP,WP,WP,WP","9133,891,983,995,672","upregulated"
"234","query_1","TRUE","0.038736839837226","40","62","4","0.0645161290322581","0.1","WP:WP2516","WP","ATM signaling pathway","7827","53","WP:000000","WP,WP,WP,WP","891,983,995,672","upregulated"
"235","query_1","TRUE","0.000391006303598269","191","30","6","0.2","0.031413612565445","GO:0008217","GO:BP","regulation of blood pressure","21092","3554","c(""GO:0008015"", ""GO:0065008"")","IBA,IBA,IBA,IEA,IEA,TAS","354,3816,3817,57835,4852,6446","downregulated"
"236","query_1","TRUE","0.0176378990409044","99","30","4","0.133333333333333","0.0404040404040404","GO:0003073","GO:BP","regulation of systemic arterial blood pressure","21092","1647","GO:0008217","IBA,IBA,IBA,IEA","354,3816,3817,57835","downregulated"
"237","query_1","TRUE","0.0383251610153409","40","30","3","0.1","0.075","GO:0140467","GO:BP","integrated stress response signaling","21092","23090","GO:0033554","IC,IC,IC","9935,1052,1051","downregulated"
"238","query_1","TRUE","0.0331512253246777","11","24","2","0.0833333333333333","0.181818181818182","REAC:R-HSA-211999","REAC","CYP2E1 reactions","10461","282","REAC:R-HSA-211981","REAC,REAC","1548,1553","downregulated"
"239","query_1","TRUE","0.0487995405923509","64","24","3","0.125","0.046875","REAC:R-HSA-211897","REAC","Cytochrome P450 - arranged by substrate type","10461","401","REAC:R-HSA-211945","REAC,REAC,REAC","1548,1553,1594","downregulated"
