"","term_name","query.x","significant.x","p_value.x","term_size.x","query_size.x","intersection_size.x","precision.x","recall.x","term_id.x","source.x","effective_domain_size.x","source_order.x","parents.x","evidence_codes.x","intersection.x","direction.x","query.y","significant.y","p_value.y","term_size.y","query_size.y","intersection_size.y","precision.y","recall.y","term_id.y","source.y","effective_domain_size.y","source_order.y","parents.y","evidence_codes.y","intersection.y","direction.y"
"1","acid secretion","query_1","TRUE","0.0287910579914757","58","982","11","0.0112016293279022","0.189655172413793","GO:0046717","GO:BP","27543","14318","GO:0046903","IMP,IEA,ISO,IDA IEA,ISO IEA,ISO,ISS ISO,ISO IEA,ISO,ISO IBA IEA,ISO","ENSMUSG00000017412,ENSMUSG00000021135,ENSMUSG00000031725,ENSMUSG00000040569,ENSMUSG00000053862,ENSMUSG00000056973,ENSMUSG00000057074,ENSMUSG00000057880,ENSMUSG00000061959,ENSMUSG00000064177,ENSMUSG00000078964","downregulated","query_1","TRUE","1.26688601868075e-05","58","468","11","0.0235042735042735","0.189655172413793","GO:0046717","GO:BP","27543","14318","GO:0046903","ISO IEA,IEA,IMP,IMP IEA,ISO IEA,ISO,ISO,ISS ISO,ISO,ISO IBA IEA,ISO","ENSMUSG00000005952,ENSMUSG00000021135,ENSMUSG00000026272,ENSMUSG00000027048,ENSMUSG00000035699,ENSMUSG00000039059,ENSMUSG00000056973,ENSMUSG00000057074,ENSMUSG00000057400,ENSMUSG00000064177,ENSMUSG00000078964","downregulated"
"2","arachidonic acid epoxygenase activity","query_1","TRUE","0.00135537987832923","46","980","11","0.0112244897959184","0.239130434782609","GO:0008392","GO:MF","25412","2124","GO:0008391","ISO,ISO IBA IEA,ISO,ISO,IBA,ISO,ISO,ISO,ISO,ISO,ISO IBA","ENSMUSG00000024292,ENSMUSG00000025197,ENSMUSG00000028712,ENSMUSG00000028715,ENSMUSG00000040650,ENSMUSG00000052520,ENSMUSG00000063929,ENSMUSG00000066072,ENSMUSG00000066097,ENSMUSG00000082932,ENSMUSG00000092008","downregulated","query_1","TRUE","3.637185781947e-11","46","458","14","0.0305676855895196","0.304347826086957","GO:0008392","GO:MF","25412","2124","GO:0008391","IDA ISO IBA IEA,ISO,IDA IBA,IDA ISO IBA,IBA,ISO IBA,IDA ISO IBA,IBA,IBA,ISO IBA,IDA ISO IBA,IBA,ISO IBA,IBA","ENSMUSG00000003053,ENSMUSG00000024292,ENSMUSG00000025002,ENSMUSG00000025004,ENSMUSG00000040660,ENSMUSG00000042248,ENSMUSG00000054827,ENSMUSG00000060407,ENSMUSG00000060613,ENSMUSG00000062624,ENSMUSG00000067225,ENSMUSG00000074254,ENSMUSG00000074882,ENSMUSG00000091867","downregulated"
"3","arachidonic acid monooxygenase activity","query_1","TRUE","0.00266281212629663","49","980","11","0.0112244897959184","0.224489795918367","GO:0008391","GO:MF","25412","2123","c(""GO:0004497"", ""GO:0016705"")","ISO IBA,ISO IBA IEA,ISO IBA,ISO IBA,IBA,ISO,ISO IBA,ISO IBA,ISO,ISO,ISO IBA","ENSMUSG00000024292,ENSMUSG00000025197,ENSMUSG00000028712,ENSMUSG00000028715,ENSMUSG00000040650,ENSMUSG00000052520,ENSMUSG00000063929,ENSMUSG00000066072,ENSMUSG00000066097,ENSMUSG00000082932,ENSMUSG00000092008","downregulated","query_1","TRUE","9.74618142135092e-11","49","458","14","0.0305676855895196","0.285714285714286","GO:0008391","GO:MF","25412","2123","c(""GO:0004497"", ""GO:0016705"")","IDA ISO IBA IEA,ISO IBA,IDA IBA,IDA ISO IBA,IBA,IDA ISO IBA,IDA ISO IBA,IBA,IBA,ISO IBA,IDA ISO IBA,IBA,ISO IBA,IBA","ENSMUSG00000003053,ENSMUSG00000024292,ENSMUSG00000025002,ENSMUSG00000025004,ENSMUSG00000040660,ENSMUSG00000042248,ENSMUSG00000054827,ENSMUSG00000060407,ENSMUSG00000060613,ENSMUSG00000062624,ENSMUSG00000067225,ENSMUSG00000074254,ENSMUSG00000074882,ENSMUSG00000091867","downregulated"
"4","bile acid biosynthetic process","query_1","TRUE","0.0012363334677249","27","982","9","0.00916496945010183","0.333333333333333","GO:0006699","GO:BP","27543","2667","c(""GO:0006694"", ""GO:0008206"", ""GO:0072330"", ""GO:1901617"")","ISO IBA IEA,ISO IBA IEA,ISO,ISO IEA,ISO IEA,ISO,ISS ISO,ISO,ISO","ENSMUSG00000027359,ENSMUSG00000030382,ENSMUSG00000031725,ENSMUSG00000038641,ENSMUSG00000039653,ENSMUSG00000056973,ENSMUSG00000057074,ENSMUSG00000061959,ENSMUSG00000078964","downregulated","query_1","TRUE","0.0191868796778089","27","468","6","0.0128205128205128","0.222222222222222","GO:0006699","GO:BP","27543","2667","c(""GO:0006694"", ""GO:0008206"", ""GO:0072330"", ""GO:1901617"")","ISS ISO IBA TAS IEA,ISO IBA IEA,ISO,ISS ISO,ISO,ISO","ENSMUSG00000028240,ENSMUSG00000030382,ENSMUSG00000056973,ENSMUSG00000057074,ENSMUSG00000057400,ENSMUSG00000078964","downregulated"
"5","bile acid metabolic process","query_1","TRUE","0.00153001956553607","44","982","11","0.0112016293279022","0.25","GO:0008206","GO:BP","27543","3547","c(""GO:0008202"", ""GO:0032787"", ""GO:1901615"")","ISO,ISO IBA IEA,IMP ISO IBA IEA,ISO,ISO IEA,IDA ISO IEA,ISO,ISS ISO,ISO,ISO,IMP","ENSMUSG00000010651,ENSMUSG00000027359,ENSMUSG00000030382,ENSMUSG00000031725,ENSMUSG00000038641,ENSMUSG00000039653,ENSMUSG00000056973,ENSMUSG00000057074,ENSMUSG00000061959,ENSMUSG00000078964,ENSMUSG00000079262","downregulated","query_1","TRUE","0.00255421667339308","44","468","8","0.0170940170940171","0.181818181818182","GO:0008206","GO:BP","27543","3547","c(""GO:0008202"", ""GO:0032787"", ""GO:1901615"")","IMP ISS ISO IEA,ISS ISO IBA TAS IEA,IDA IEA,IMP ISO IBA IEA,ISO,ISS ISO,ISO,ISO","ENSMUSG00000027048,ENSMUSG00000028240,ENSMUSG00000030378,ENSMUSG00000030382,ENSMUSG00000056973,ENSMUSG00000057074,ENSMUSG00000057400,ENSMUSG00000078964","downregulated"
"6","bile acid secretion","query_1","TRUE","0.00534521163069307","17","982","7","0.00712830957230143","0.411764705882353","GO:0032782","GO:BP","27543","9022","c(""GO:0015718"", ""GO:0046717"")","IEA,ISO,ISO IEA,ISO,ISS ISO,ISO,ISO","ENSMUSG00000021135,ENSMUSG00000031725,ENSMUSG00000053862,ENSMUSG00000056973,ENSMUSG00000057074,ENSMUSG00000061959,ENSMUSG00000078964","downregulated","query_1","TRUE","2.47174821382959e-05","17","468","7","0.014957264957265","0.411764705882353","GO:0032782","GO:BP","27543","9022","c(""GO:0015718"", ""GO:0046717"")","IEA,IMP IEA,ISO IEA,ISO,ISS ISO,ISO,ISO","ENSMUSG00000021135,ENSMUSG00000027048,ENSMUSG00000035699,ENSMUSG00000056973,ENSMUSG00000057074,ENSMUSG00000057400,ENSMUSG00000078964","downregulated"
"7","Bile secretion","query_1","TRUE","0.00136488195841121","97","338","15","0.0443786982248521","0.154639175257732","KEGG:04976","KEGG","8583","389","KEGG:00000","KEGG,KEGG,KEGG,KEGG,KEGG,KEGG,KEGG,KEGG,KEGG,KEGG,KEGG,KEGG,KEGG,KEGG,KEGG","ENSMUSG00000021135,ENSMUSG00000024254,ENSMUSG00000030382,ENSMUSG00000035780,ENSMUSG00000036123,ENSMUSG00000039653,ENSMUSG00000041698,ENSMUSG00000053862,ENSMUSG00000061906,ENSMUSG00000063796,ENSMUSG00000067144,ENSMUSG00000079262,ENSMUSG00000089675,ENSMUSG00000089943,ENSMUSG00000090171","downregulated","query_1","TRUE","1.61465091758657e-08","97","173","16","0.092485549132948","0.164948453608247","KEGG:04976","KEGG","8583","389","KEGG:00000","KEGG,KEGG,KEGG,KEGG,KEGG,KEGG,KEGG,KEGG,KEGG,KEGG,KEGG,KEGG,KEGG,KEGG,KEGG,KEGG","ENSMUSG00000021135,ENSMUSG00000024254,ENSMUSG00000027048,ENSMUSG00000028240,ENSMUSG00000030236,ENSMUSG00000030378,ENSMUSG00000030382,ENSMUSG00000035699,ENSMUSG00000035836,ENSMUSG00000037583,ENSMUSG00000061906,ENSMUSG00000067144,ENSMUSG00000070704,ENSMUSG00000074375,ENSMUSG00000078798,ENSMUSG00000078799","downregulated"
"8","Biological oxidations","query_1","TRUE","1.36026591496693e-10","198","304","32","0.105263157894737","0.161616161616162","REAC:R-MMU-211859","REAC","8710","170","REAC:R-MMU-1430728","REAC,REAC,REAC,REAC,REAC,REAC,REAC,REAC,REAC,REAC,REAC,REAC,REAC,REAC,REAC,REAC,REAC,REAC,REAC,REAC,REAC,REAC,REAC,REAC,REAC,REAC,REAC,REAC,REAC,REAC,REAC,REAC","ENSMUSG00000001467,ENSMUSG00000006345,ENSMUSG00000020309,ENSMUSG00000022235,ENSMUSG00000024292,ENSMUSG00000024866,ENSMUSG00000024899,ENSMUSG00000026691,ENSMUSG00000027761,ENSMUSG00000028712,ENSMUSG00000028713,ENSMUSG00000028715,ENSMUSG00000029269,ENSMUSG00000030945,ENSMUSG00000030972,ENSMUSG00000033533,ENSMUSG00000038045,ENSMUSG00000040170,ENSMUSG00000040181,ENSMUSG00000049152,ENSMUSG00000056035,ENSMUSG00000056973,ENSMUSG00000061906,ENSMUSG00000062432,ENSMUSG00000063415,ENSMUSG00000063929,ENSMUSG00000066072,ENSMUSG00000072664,ENSMUSG00000089675,ENSMUSG00000089943,ENSMUSG00000090171,ENSMUSG00000091813","downregulated","query_1","TRUE","3.04467980305538e-12","198","155","25","0.161290322580645","0.126262626262626","REAC:R-MMU-211859","REAC","8710","170","REAC:R-MMU-1430728","REAC,REAC,REAC,REAC,REAC,REAC,REAC,REAC,REAC,REAC,REAC,REAC,REAC,REAC,REAC,REAC,REAC,REAC,REAC,REAC,REAC,REAC,REAC,REAC,REAC","ENSMUSG00000004038,ENSMUSG00000022589,ENSMUSG00000024292,ENSMUSG00000025002,ENSMUSG00000026691,ENSMUSG00000028240,ENSMUSG00000029630,ENSMUSG00000032310,ENSMUSG00000032323,ENSMUSG00000035836,ENSMUSG00000037798,ENSMUSG00000038656,ENSMUSG00000054417,ENSMUSG00000056035,ENSMUSG00000056973,ENSMUSG00000060407,ENSMUSG00000061292,ENSMUSG00000061906,ENSMUSG00000062181,ENSMUSG00000062432,ENSMUSG00000070704,ENSMUSG00000074254,ENSMUSG00000075551,ENSMUSG00000075604,ENSMUSG00000091813","downregulated"
"9","carboxylic acid metabolic process","query_1","TRUE","9.29452255385551e-28","939","982","115","0.117107942973523","0.122470713525027","GO:0019752","GO:BP","27543","6954","GO:0043436","ISS ISO IBA IEA,TAS IEA,IMP ISO IBA,IBA IEA,ISS ISO IBA IEA,IMP ISO IEA,IMP ISS,IMP IEA,IMP,ISO IBA IEA,IDA IBA IEA,ISS ISO IBA IEA,ISO IBA IEA,TAS,IBA,IDA IBA IEA,ISO IBA IEA,ISO IBA IC,IEA,IBA TAS IEA,ISO IBA IEA,ISS ISO,IMP IBA IEA,IMP ISS ISO IBA TAS IEA,IMP,IBA,IEA,ISO IBA,ISO,ISS ISO IBA IEA,IEA,IMP,ISO IBA IEA,IEA,ISS ISO,IBA IEA,ISA IEA,ISS ISO IEA,IEA,ISO IBA IEA,IDA IMP ISO IBA TAS IEA,IMP ISO IBA IEA,ISO IEA,ISS ISO IBA IEA,ISO IBA IC IEA,ISO IEA,IMP,ISO IBA IEA,ISO IBA IEA,ISS ISO IBA IEA,IDA IBA IEA,IMP ISO IBA TAS IEA,ISO IEA,IBA IEA,IBA IEA,IDA IMP ISO IBA IEA,IDA ISO,NAS,IMP,ISS ISO IBA IEA,IDA IBA IEA,IBA,ISO IBA IEA,IEA,IDA,ISO,IBA IEA,IMP ISO IBA IEA,IDA ISS ISO IBA IEA,ISO IEA,ISO IEA,IMP ISO IBA IEA,IMP,IDA ISO IBA IEA,IMP ISO IBA IEA,IBA,IEA,ISO IEA,IEA,IDA ISO IBA IEA,ISO,ISO,ISO,IDA IBA,IDA ISO,ISS ISO,ISS ISO IBA IEA,ISO IBA IEA,ISO IEA,ISO,ISO IEA,IMP ISS ISO IBA IEA,ISS ISO IC IEA,ISO IBA IEA,ISO IBA TAS IEA,ISO,IDA ISO IEA,ISS ISO IEA,IDA ISO,ISO,IDA ISO IEA,ISS ISO IBA IEA,IBA IEA,ISO,IMP,ISO,IBA,ISO IBA IEA,IEA,ISO IBA,IBA,ISO,IBA,IBA,IBA","ENSMUSG00000000673,ENSMUSG00000001155,ENSMUSG00000002769,ENSMUSG00000003526,ENSMUSG00000003809,ENSMUSG00000005373,ENSMUSG00000006345,ENSMUSG00000006542,ENSMUSG00000006574,ENSMUSG00000010651,ENSMUSG00000017718,ENSMUSG00000019762,ENSMUSG00000020051,ENSMUSG00000020774,ENSMUSG00000021207,ENSMUSG00000021228,ENSMUSG00000021238,ENSMUSG00000021416,ENSMUSG00000021490,ENSMUSG00000021620,ENSMUSG00000021751,ENSMUSG00000022304,ENSMUSG00000022821,ENSMUSG00000022853,ENSMUSG00000023019,ENSMUSG00000023120,ENSMUSG00000023262,ENSMUSG00000024292,ENSMUSG00000024694,ENSMUSG00000024827,ENSMUSG00000024892,ENSMUSG00000025059,ENSMUSG00000025197,ENSMUSG00000025815,ENSMUSG00000025911,ENSMUSG00000025963,ENSMUSG00000026189,ENSMUSG00000026348,ENSMUSG00000026866,ENSMUSG00000027199,ENSMUSG00000027359,ENSMUSG00000027513,ENSMUSG00000027870,ENSMUSG00000028179,ENSMUSG00000028307,ENSMUSG00000028553,ENSMUSG00000028655,ENSMUSG00000028712,ENSMUSG00000028715,ENSMUSG00000029445,ENSMUSG00000029695,ENSMUSG00000030382,ENSMUSG00000030562,ENSMUSG00000030945,ENSMUSG00000030972,ENSMUSG00000031549,ENSMUSG00000031725,ENSMUSG00000032066,ENSMUSG00000032114,ENSMUSG00000033427,ENSMUSG00000033533,ENSMUSG00000033715,ENSMUSG00000034456,ENSMUSG00000034785,ENSMUSG00000034875,ENSMUSG00000035780,ENSMUSG00000036892,ENSMUSG00000037071,ENSMUSG00000037542,ENSMUSG00000037686,ENSMUSG00000038641,ENSMUSG00000038754,ENSMUSG00000039438,ENSMUSG00000039653,ENSMUSG00000039783,ENSMUSG00000040650,ENSMUSG00000041653,ENSMUSG00000042118,ENSMUSG00000044788,ENSMUSG00000052392,ENSMUSG00000052520,ENSMUSG00000054052,ENSMUSG00000054385,ENSMUSG00000054474,ENSMUSG00000056973,ENSMUSG00000057074,ENSMUSG00000057228,ENSMUSG00000057880,ENSMUSG00000058022,ENSMUSG00000061959,ENSMUSG00000062432,ENSMUSG00000062908,ENSMUSG00000063415,ENSMUSG00000063929,ENSMUSG00000066072,ENSMUSG00000066097,ENSMUSG00000069324,ENSMUSG00000069805,ENSMUSG00000074028,ENSMUSG00000074639,ENSMUSG00000074768,ENSMUSG00000076441,ENSMUSG00000078937,ENSMUSG00000078964,ENSMUSG00000079262,ENSMUSG00000082932,ENSMUSG00000089675,ENSMUSG00000089678,ENSMUSG00000089739,ENSMUSG00000089943,ENSMUSG00000090171,ENSMUSG00000091813,ENSMUSG00000092008,ENSMUSG00000096852,ENSMUSG00000115022","downregulated","query_1","TRUE","3.15835844781091e-10","939","468","52","0.111111111111111","0.0553780617678381","GO:0019752","GO:BP","27543","6954","GO:0043436","IDA ISO IEA,ISO IEA,IDA IBA IEA,IMP,IBA,ISS ISO,ISO IBA,IDA ISO IBA,IBA IEA,IBA,ISO IBA IEA,IMP ISS ISO IBA IEA,IMP ISS ISO IEA,ISS ISO IBA IEA,ISS ISO IBA IEA,IEA,ISS ISO IBA TAS IEA,IMP,ISS ISO IBA IEA,ISO IBA IEA,IDA IEA,IMP ISO IBA TAS IEA,ISO IBA IEA,ISO IBA IEA,ISO IBA IEA,IBA,ISO IEA,IEA,ISO IEA,ISS ISO IEA,IBA,IDA IBA IEA,ISO IEA,IDA IBA,ISO,IDA ISO,ISS ISO,ISO,IBA,IBA,IEA,ISO IEA,IBA,IDA IBA,IBA,IDA ISO IEA,IBA,ISO,ISO,IBA,IBA,ISO","ENSMUSG00000001670,ENSMUSG00000002588,ENSMUSG00000003053,ENSMUSG00000006574,ENSMUSG00000021210,ENSMUSG00000022304,ENSMUSG00000024292,ENSMUSG00000025002,ENSMUSG00000025004,ENSMUSG00000025955,ENSMUSG00000025991,ENSMUSG00000026272,ENSMUSG00000027048,ENSMUSG00000027261,ENSMUSG00000028011,ENSMUSG00000028148,ENSMUSG00000028240,ENSMUSG00000028749,ENSMUSG00000029445,ENSMUSG00000029597,ENSMUSG00000030378,ENSMUSG00000030382,ENSMUSG00000031173,ENSMUSG00000032079,ENSMUSG00000032080,ENSMUSG00000032083,ENSMUSG00000032310,ENSMUSG00000034785,ENSMUSG00000035836,ENSMUSG00000037798,ENSMUSG00000040660,ENSMUSG00000042248,ENSMUSG00000054422,ENSMUSG00000054827,ENSMUSG00000055730,ENSMUSG00000056973,ENSMUSG00000057074,ENSMUSG00000057400,ENSMUSG00000060407,ENSMUSG00000060613,ENSMUSG00000061099,ENSMUSG00000062432,ENSMUSG00000062624,ENSMUSG00000067225,ENSMUSG00000074254,ENSMUSG00000074768,ENSMUSG00000074882,ENSMUSG00000078964,ENSMUSG00000091813,ENSMUSG00000091867,ENSMUSG00000094806,ENSMUSG00000109350","downregulated"
"10","cellular hormone metabolic process","query_1","TRUE","0.00110543159425971","144","982","20","0.0203665987780041","0.138888888888889","GO:0034754","GO:BP","27543","10030","c(""GO:0042445"", ""GO:0044237"")","ISS ISO IBA IEA,ISS ISO IBA IEA,IBA,IMP IGI ISS ISO IEA,IEA,NAS,IBA,IDA ISS ISO IBA IEA,IBA,ISO IBA IEA,ISO,IEA,IEA,ISO IEA,ISS ISO IC IEA,ISS ISO IBA,ISO,IBA,ISO IBA,ISO IBA","ENSMUSG00000003555,ENSMUSG00000020804,ENSMUSG00000021207,ENSMUSG00000028003,ENSMUSG00000031725,ENSMUSG00000032066,ENSMUSG00000033715,ENSMUSG00000037542,ENSMUSG00000038092,ENSMUSG00000038641,ENSMUSG00000054052,ENSMUSG00000056973,ENSMUSG00000061959,ENSMUSG00000062432,ENSMUSG00000063415,ENSMUSG00000063730,ENSMUSG00000074639,ENSMUSG00000090817,ENSMUSG00000095143,ENSMUSG00000095388","downregulated","query_1","TRUE","0.000683958071216438","144","468","14","0.0299145299145299","0.0972222222222222","GO:0034754","GO:BP","27543","10030","c(""GO:0042445"", ""GO:0044237"")","IBA,IDA ISO IBA,ISO,IBA,IBA,ISS ISO IEA,IDA ISO IBA IEA,ISO IEA,IEA,IEA,IEA,ISO IEA,ISO IBA,ISO IBA","ENSMUSG00000021210,ENSMUSG00000022589,ENSMUSG00000025002,ENSMUSG00000025955,ENSMUSG00000027871,ENSMUSG00000032310,ENSMUSG00000032323,ENSMUSG00000035836,ENSMUSG00000040134,ENSMUSG00000055730,ENSMUSG00000056973,ENSMUSG00000062432,ENSMUSG00000075604,ENSMUSG00000095143","downregulated"
"11","cellular ketone metabolic process","query_1","TRUE","0.000113875691391515","233","982","28","0.0285132382892057","0.120171673819742","GO:0042180","GO:BP","27543","11580","c(""GO:0044237"", ""GO:0044281"", ""GO:0071704"")","ISS ISO IBA IEA,IMP,IDA IBA IEA,IBA,IMP,IMP,IBA,IMP,IEA,IMP,IDA IMP ISO IBA IEA,ISO,IEA,IBA,IEA,IMP ISO IBA IEA,ISO,ISO,ISO,ISO,ISS ISO,ISS ISO IEA,ISO,IDA ISO,ISO,ISO,ISO,ISO","ENSMUSG00000003555,ENSMUSG00000005373,ENSMUSG00000017718,ENSMUSG00000021207,ENSMUSG00000022186,ENSMUSG00000023019,ENSMUSG00000024292,ENSMUSG00000025059,ENSMUSG00000026866,ENSMUSG00000028655,ENSMUSG00000031549,ENSMUSG00000031725,ENSMUSG00000033122,ENSMUSG00000033715,ENSMUSG00000037542,ENSMUSG00000039783,ENSMUSG00000040650,ENSMUSG00000054052,ENSMUSG00000054385,ENSMUSG00000056973,ENSMUSG00000057074,ENSMUSG00000057228,ENSMUSG00000061959,ENSMUSG00000074028,ENSMUSG00000074639,ENSMUSG00000078964,ENSMUSG00000095143,ENSMUSG00000095388","downregulated","query_1","TRUE","5.7623326657797e-08","233","468","23","0.0491452991452991","0.0987124463519313","GO:0042180","GO:BP","27543","11580","c(""GO:0044237"", ""GO:0044281"", ""GO:0071704"")","IBA,IDA ISO IBA,IBA,ISS ISO IEA,IBA,IMP,ISS ISO IEA,ISS ISO TAS IEA,IBA IEA,ISO IBA IEA,ISO IBA IEA,IBA,IBA,IEA,ISO,ISO IEA,ISO,ISS ISO,ISO,ISO IBA,ISO,ISO,ISO","ENSMUSG00000021210,ENSMUSG00000022589,ENSMUSG00000024292,ENSMUSG00000025396,ENSMUSG00000025955,ENSMUSG00000027048,ENSMUSG00000028011,ENSMUSG00000028240,ENSMUSG00000030804,ENSMUSG00000032079,ENSMUSG00000032080,ENSMUSG00000032083,ENSMUSG00000032323,ENSMUSG00000033122,ENSMUSG00000040660,ENSMUSG00000054422,ENSMUSG00000056973,ENSMUSG00000057074,ENSMUSG00000057400,ENSMUSG00000075604,ENSMUSG00000078964,ENSMUSG00000095143,ENSMUSG00000109350","downregulated"
"12","cellular response to xenobiotic stimulus","query_1","TRUE","0.000968481243202348","198","982","24","0.0244399185336049","0.121212121212121","GO:0071466","GO:BP","27543","19487","c(""GO:0009410"", ""GO:0070887"")","IBA,IEA,IEA,IBA,ISO,IMP,ISO IEA,ISO IEA,IMP,ISO IBA,IBA,ISO IBA,IEA,ISS ISO IEA,IBA,ISS ISO IEA,IMP,IBA,IBA,IBA,IBA,IBA,IBA,IBA","ENSMUSG00000010651,ENSMUSG00000021135,ENSMUSG00000022061,ENSMUSG00000025197,ENSMUSG00000026691,ENSMUSG00000026692,ENSMUSG00000029269,ENSMUSG00000040170,ENSMUSG00000040181,ENSMUSG00000040650,ENSMUSG00000052520,ENSMUSG00000057933,ENSMUSG00000058975,ENSMUSG00000063415,ENSMUSG00000066097,ENSMUSG00000069805,ENSMUSG00000079262,ENSMUSG00000081362,ENSMUSG00000082932,ENSMUSG00000089675,ENSMUSG00000089943,ENSMUSG00000090171,ENSMUSG00000092008,ENSMUSG00000096852","downregulated","query_1","TRUE","2.85882559937585e-12","198","468","26","0.0555555555555556","0.131313131313131","GO:0071466","GO:BP","27543","19487","c(""GO:0009410"", ""GO:0070887"")","IBA,IDA,IEA,IBA,IBA,ISO,ISS ISO IEA,ISO,IMP ISO IEA,ISO IEA,IEA,ISO IBA,IBA,IBA,IEA,IBA,IBA,IBA,IBA,IBA,ISO,IBA,ISO,ISO,IBA,IBA","ENSMUSG00000003053,ENSMUSG00000004038,ENSMUSG00000021135,ENSMUSG00000025002,ENSMUSG00000025004,ENSMUSG00000026691,ENSMUSG00000027048,ENSMUSG00000030378,ENSMUSG00000032310,ENSMUSG00000035836,ENSMUSG00000039672,ENSMUSG00000040660,ENSMUSG00000042248,ENSMUSG00000054827,ENSMUSG00000058975,ENSMUSG00000060407,ENSMUSG00000060613,ENSMUSG00000062624,ENSMUSG00000067225,ENSMUSG00000074254,ENSMUSG00000074375,ENSMUSG00000074882,ENSMUSG00000078798,ENSMUSG00000078799,ENSMUSG00000091867,ENSMUSG00000094806","downregulated"
"13","Drug metabolism - other enzymes","query_1","TRUE","0.0108885048397499","89","338","13","0.0384615384615385","0.146067415730337","KEGG:00983","KEGG","8583","155","KEGG:00000","KEGG,KEGG,KEGG,KEGG,KEGG,KEGG,KEGG,KEGG,KEGG,KEGG,KEGG,KEGG,KEGG","ENSMUSG00000022304,ENSMUSG00000026839,ENSMUSG00000031725,ENSMUSG00000033427,ENSMUSG00000035780,ENSMUSG00000056973,ENSMUSG00000057933,ENSMUSG00000061906,ENSMUSG00000061959,ENSMUSG00000089675,ENSMUSG00000089943,ENSMUSG00000090171,ENSMUSG00000091813","downregulated","query_1","TRUE","0.0161280114638533","89","173","9","0.0520231213872832","0.101123595505618","KEGG:00983","KEGG","8583","155","KEGG:00000","KEGG,KEGG,KEGG,KEGG,KEGG,KEGG,KEGG,KEGG,KEGG","ENSMUSG00000004038,ENSMUSG00000022304,ENSMUSG00000035836,ENSMUSG00000055730,ENSMUSG00000056973,ENSMUSG00000057400,ENSMUSG00000061906,ENSMUSG00000070704,ENSMUSG00000091813","downregulated"
"14","fatty acid metabolic process","query_1","TRUE","1.11305942315088e-11","452","982","55","0.0560081466395112","0.121681415929204","GO:0006631","GO:BP","27543","2603","c(""GO:0032787"", ""GO:0044255"")","ISS ISO IBA IEA,IMP,IEA,ISO IBA IEA,IBA,IDA IBA IEA,ISO IBA IC,IBA TAS IEA,ISO IBA IEA,IMP ISS ISO IBA TAS IEA,ISO IBA,IMP,ISO IBA IEA,ISA IEA,IDA IMP ISO IBA TAS IEA,IBA,ISO IEA,ISO IEA,IMP,ISO IBA,ISO IBA IEA,ISO IBA TAS IEA,IBA IEA,IBA IEA,IDA ISO,IDA IBA IEA,IBA,IDA,IMP ISO IBA IEA,IMP ISO IBA IEA,IBA IEA,IBA,IEA,IEA,IDA ISO IBA IEA,ISO,ISO,IDA IBA,IDA ISO,ISO,ISO IEA,ISO,IMP ISS ISO IBA IEA,ISO IBA,ISO IBA TAS IEA,ISO,IDA ISO,IBA IEA,ISO,ISO,IEA,ISO,IBA,IBA,IBA","ENSMUSG00000003809,ENSMUSG00000005373,ENSMUSG00000006542,ENSMUSG00000010651,ENSMUSG00000021207,ENSMUSG00000021228,ENSMUSG00000021416,ENSMUSG00000021620,ENSMUSG00000021751,ENSMUSG00000022853,ENSMUSG00000024292,ENSMUSG00000025059,ENSMUSG00000025197,ENSMUSG00000026189,ENSMUSG00000027359,ENSMUSG00000027513,ENSMUSG00000027870,ENSMUSG00000028553,ENSMUSG00000028655,ENSMUSG00000028712,ENSMUSG00000028715,ENSMUSG00000030382,ENSMUSG00000030945,ENSMUSG00000030972,ENSMUSG00000031725,ENSMUSG00000033533,ENSMUSG00000033715,ENSMUSG00000034875,ENSMUSG00000037071,ENSMUSG00000038754,ENSMUSG00000039653,ENSMUSG00000040650,ENSMUSG00000041653,ENSMUSG00000044788,ENSMUSG00000052392,ENSMUSG00000052520,ENSMUSG00000054385,ENSMUSG00000054474,ENSMUSG00000056973,ENSMUSG00000057074,ENSMUSG00000058022,ENSMUSG00000061959,ENSMUSG00000062908,ENSMUSG00000063929,ENSMUSG00000066072,ENSMUSG00000066097,ENSMUSG00000074028,ENSMUSG00000078937,ENSMUSG00000078964,ENSMUSG00000082932,ENSMUSG00000089739,ENSMUSG00000091813,ENSMUSG00000092008,ENSMUSG00000096852,ENSMUSG00000115022","downregulated","query_1","TRUE","3.98320474126585e-10","452","468","35","0.0747863247863248","0.0774336283185841","GO:0006631","GO:BP","27543","2603","c(""GO:0032787"", ""GO:0044255"")","IDA IBA IEA,IBA,ISO IBA,IDA IBA,IBA IEA,IBA,IMP,ISS ISO IBA IEA,IEA,ISO IEA,IMP,ISO IBA TAS IEA,ISO IBA IEA,ISO IBA IEA,IBA,IEA,IBA,IDA IBA IEA,ISO IEA,IDA IBA,ISO,IDA ISO,ISO,ISO,IBA,IBA,IBA,IDA IBA,IBA,IBA,ISO,ISO,IBA,IBA,ISO","ENSMUSG00000003053,ENSMUSG00000021210,ENSMUSG00000024292,ENSMUSG00000025002,ENSMUSG00000025004,ENSMUSG00000025955,ENSMUSG00000027048,ENSMUSG00000027261,ENSMUSG00000028148,ENSMUSG00000028240,ENSMUSG00000028749,ENSMUSG00000030382,ENSMUSG00000032079,ENSMUSG00000032080,ENSMUSG00000032083,ENSMUSG00000032310,ENSMUSG00000040660,ENSMUSG00000042248,ENSMUSG00000054422,ENSMUSG00000054827,ENSMUSG00000055730,ENSMUSG00000056973,ENSMUSG00000057074,ENSMUSG00000057400,ENSMUSG00000060407,ENSMUSG00000060613,ENSMUSG00000062624,ENSMUSG00000067225,ENSMUSG00000074254,ENSMUSG00000074882,ENSMUSG00000078964,ENSMUSG00000091813,ENSMUSG00000091867,ENSMUSG00000094806,ENSMUSG00000109350","downregulated"
"15","heme binding","query_1","TRUE","2.64275080538444e-06","182","980","27","0.0275510204081633","0.148351648351648","GO:0020037","GO:MF","25412","4649","GO:0046906","ISS ISO IEA,ISS ISO IEA,IEA,IEA,IEA,ISO IEA,IBA IEA,ISS ISO IEA,IEA,IEA,IEA,IEA,ISO IBA IEA,IBA IEA,IEA,IEA,IEA,IEA,IEA,IEA,IBA IEA,IBA IEA,IBA IEA,IBA IEA,IBA IEA,ISO IBA IEA,ISO IBA IEA","ENSMUSG00000001467,ENSMUSG00000003555,ENSMUSG00000005547,ENSMUSG00000022445,ENSMUSG00000022877,ENSMUSG00000024292,ENSMUSG00000025197,ENSMUSG00000028356,ENSMUSG00000028712,ENSMUSG00000028713,ENSMUSG00000028715,ENSMUSG00000031549,ENSMUSG00000040650,ENSMUSG00000052520,ENSMUSG00000056035,ENSMUSG00000062432,ENSMUSG00000063415,ENSMUSG00000063929,ENSMUSG00000064351,ENSMUSG00000066072,ENSMUSG00000066097,ENSMUSG00000073063,ENSMUSG00000073940,ENSMUSG00000081362,ENSMUSG00000082932,ENSMUSG00000092008,ENSMUSG00000096852","downregulated","query_1","TRUE","1.23202618617501e-20","182","458","33","0.0720524017467249","0.181318681318681","GO:0020037","GO:MF","25412","4649","GO:0046906","ISO IBA IEA,ISS ISO IEA,IEA,ISO IEA,IBA IEA,ISO IBA IEA,ISS ISO IBA IEA,IEA,IEA,IEA,ISO,ISS ISO IEA,ISS ISO IEA,IEA,ISO IBA IEA,ISO IBA IEA,IEA,IEA,ISO IBA IEA,IEA,IDA IEA,ISO IBA IEA,IBA IEA,IEA,IEA,ISO IBA IEA,ISO IBA IEA,ISO IBA IEA,ISO IBA IEA,IEA,ISO IEA,ISO IBA IEA,ISO IBA IEA","ENSMUSG00000003053,ENSMUSG00000022589,ENSMUSG00000022877,ENSMUSG00000024292,ENSMUSG00000025002,ENSMUSG00000025004,ENSMUSG00000028011,ENSMUSG00000028240,ENSMUSG00000029630,ENSMUSG00000030483,ENSMUSG00000030895,ENSMUSG00000032310,ENSMUSG00000032323,ENSMUSG00000038656,ENSMUSG00000040660,ENSMUSG00000042248,ENSMUSG00000050994,ENSMUSG00000054417,ENSMUSG00000054827,ENSMUSG00000056035,ENSMUSG00000056436,ENSMUSG00000060407,ENSMUSG00000060613,ENSMUSG00000061292,ENSMUSG00000062432,ENSMUSG00000062624,ENSMUSG00000067225,ENSMUSG00000074254,ENSMUSG00000074882,ENSMUSG00000075551,ENSMUSG00000075604,ENSMUSG00000091867,ENSMUSG00000094806","downregulated"
"16","hormone metabolic process","query_1","TRUE","0.000615638061926405","237","982","27","0.0274949083503055","0.113924050632911","GO:0042445","GO:BP","27543","11762","c(""GO:0008152"", ""GO:0010817"")","ISS ISO IBA IEA,IMP ISO IEA,ISS ISO IBA IEA,IBA,ISS ISO IBA IEA,IBA,IMP ISO IEA,ISO IEA,IMP IGI ISS ISO IEA,IDA ISO IEA,IEA,NAS,IBA,IEA,IDA ISS ISO IBA IEA,IBA,ISO IBA IEA,ISO,IEA,IEA,ISO IEA,ISS ISO IC IEA,ISS ISO IBA,ISO,IBA,ISO IBA,ISO IBA","ENSMUSG00000003555,ENSMUSG00000005220,ENSMUSG00000019762,ENSMUSG00000020131,ENSMUSG00000020804,ENSMUSG00000021207,ENSMUSG00000024107,ENSMUSG00000024899,ENSMUSG00000028003,ENSMUSG00000029269,ENSMUSG00000031725,ENSMUSG00000032066,ENSMUSG00000033715,ENSMUSG00000034785,ENSMUSG00000037542,ENSMUSG00000038092,ENSMUSG00000038641,ENSMUSG00000054052,ENSMUSG00000056973,ENSMUSG00000061959,ENSMUSG00000062432,ENSMUSG00000063415,ENSMUSG00000063730,ENSMUSG00000074639,ENSMUSG00000090817,ENSMUSG00000095143,ENSMUSG00000095388","downregulated","query_1","TRUE","1.92215915097117e-05","237","468","20","0.0427350427350427","0.0843881856540084","GO:0042445","GO:BP","27543","11762","c(""GO:0008152"", ""GO:0010817"")","IBA,IDA ISO IBA,ISO,IBA,IMP,IBA,ISO,ISS ISO IEA,IDA ISO IBA IEA,IEA,ISO IEA,IEA,IEA,IEA,ISO IEA,ISO,ISO IBA,ISO,ISO,ISO IBA","ENSMUSG00000021210,ENSMUSG00000022589,ENSMUSG00000025002,ENSMUSG00000025955,ENSMUSG00000026751,ENSMUSG00000027871,ENSMUSG00000030378,ENSMUSG00000032310,ENSMUSG00000032323,ENSMUSG00000034785,ENSMUSG00000035836,ENSMUSG00000040134,ENSMUSG00000055730,ENSMUSG00000056973,ENSMUSG00000062432,ENSMUSG00000074375,ENSMUSG00000075604,ENSMUSG00000078798,ENSMUSG00000078799,ENSMUSG00000095143","downregulated"
"17","iron ion binding","query_1","TRUE","6.60547118263575e-05","211","980","27","0.0275510204081633","0.127962085308057","GO:0005506","GO:MF","25412","1874","GO:0046914","ISS ISO IEA,IEA,IEA,IEA,ISO IEA,IEA,ISS ISO IEA,IEA,IEA,IEA,IEA,IEA,ISS ISO IBA IEA,IEA,ISS ISO IEA,IEA,IEA,ISO IEA,IEA,IEA,IEA,IEA,IEA,IEA,IEA,IEA,IEA","ENSMUSG00000000673,ENSMUSG00000001467,ENSMUSG00000003555,ENSMUSG00000005547,ENSMUSG00000020051,ENSMUSG00000022445,ENSMUSG00000022613,ENSMUSG00000024292,ENSMUSG00000025197,ENSMUSG00000028712,ENSMUSG00000028713,ENSMUSG00000028715,ENSMUSG00000037071,ENSMUSG00000040650,ENSMUSG00000040943,ENSMUSG00000041660,ENSMUSG00000052520,ENSMUSG00000056035,ENSMUSG00000062432,ENSMUSG00000063415,ENSMUSG00000063929,ENSMUSG00000066072,ENSMUSG00000066097,ENSMUSG00000081362,ENSMUSG00000082932,ENSMUSG00000092008,ENSMUSG00000096852","downregulated","query_1","TRUE","1.53447076610426e-13","211","458","28","0.0611353711790393","0.132701421800948","GO:0005506","GO:MF","25412","1874","GO:0046914","IEA,IEA,IEA,IEA,IEA,IEA,ISO IEA,IEA,IEA,IEA,IEA,IEA,IEA,ISO IEA,IEA,ISO IEA,IEA,IEA,ISO IEA,IEA,IEA,IEA,IEA,IEA,ISO IEA,IEA,IEA,IEA","ENSMUSG00000003053,ENSMUSG00000022589,ENSMUSG00000024292,ENSMUSG00000025002,ENSMUSG00000025004,ENSMUSG00000028240,ENSMUSG00000029630,ENSMUSG00000030483,ENSMUSG00000032310,ENSMUSG00000032323,ENSMUSG00000038656,ENSMUSG00000040660,ENSMUSG00000042248,ENSMUSG00000054417,ENSMUSG00000054827,ENSMUSG00000056035,ENSMUSG00000060407,ENSMUSG00000060613,ENSMUSG00000061292,ENSMUSG00000062432,ENSMUSG00000062624,ENSMUSG00000067225,ENSMUSG00000074254,ENSMUSG00000074882,ENSMUSG00000075551,ENSMUSG00000075604,ENSMUSG00000091867,ENSMUSG00000094806","downregulated"
"18","lipid catabolic process","query_1","TRUE","0.000159988223915707","344","982","35","0.0356415478615071","0.101744186046512","GO:0016042","GO:BP","27543","5644","c(""GO:0006629"", ""GO:1901575"")","ISS ISO IBA IEA,ISO IBA,IEA,ISO IC,ISO IBA IEA,IDA ISS ISO IBA IEA,IMP ISS ISO IBA TAS IEA,ISO IBA,IMP ISO IBA IEA,IBA,IDA IBA,ISO IBA IEA,IMP,IEA,IEA,IDA IBA,IDA ISS ISO IBA IEA,IDA,IEA,IEA,ISO IEA,IEA,IDA IMP IBA NAS IEA,IBA,ISO IEA,IBA,ISO IEA,IMP ISS ISO IBA IEA,ISO IC IEA,IEA,IEA,IBA,IEA,IBA,IBA","ENSMUSG00000003809,ENSMUSG00000010651,ENSMUSG00000015001,ENSMUSG00000021416,ENSMUSG00000021751,ENSMUSG00000022425,ENSMUSG00000022853,ENSMUSG00000024292,ENSMUSG00000027359,ENSMUSG00000027513,ENSMUSG00000027761,ENSMUSG00000028553,ENSMUSG00000028655,ENSMUSG00000028712,ENSMUSG00000028715,ENSMUSG00000031725,ENSMUSG00000032066,ENSMUSG00000034875,ENSMUSG00000037686,ENSMUSG00000038173,ENSMUSG00000038641,ENSMUSG00000041653,ENSMUSG00000056973,ENSMUSG00000057074,ENSMUSG00000058022,ENSMUSG00000061959,ENSMUSG00000062432,ENSMUSG00000062908,ENSMUSG00000063415,ENSMUSG00000063929,ENSMUSG00000066072,ENSMUSG00000074156,ENSMUSG00000078937,ENSMUSG00000078964,ENSMUSG00000115022","downregulated","query_1","TRUE","0.00206306937133007","344","468","21","0.0448717948717949","0.061046511627907","GO:0016042","GO:BP","27543","5644","c(""GO:0006629"", ""GO:1901575"")","ISO,ISO IBA,ISS ISO IEA,ISO IEA,IMP,ISS ISO IBA IEA,IDA ISS ISO IEA,IEA,IEA,IEA,ISO IBA IEA,ISO IBA IEA,IBA,ISO IEA,ISO IEA,IDA IMP IBA NAS IEA,IBA,IBA,ISO IEA,IBA,ISO IBA IEA","ENSMUSG00000000049,ENSMUSG00000024292,ENSMUSG00000025396,ENSMUSG00000025991,ENSMUSG00000027048,ENSMUSG00000027261,ENSMUSG00000028240,ENSMUSG00000028749,ENSMUSG00000030230,ENSMUSG00000030378,ENSMUSG00000032079,ENSMUSG00000032080,ENSMUSG00000032083,ENSMUSG00000032310,ENSMUSG00000054422,ENSMUSG00000056973,ENSMUSG00000057074,ENSMUSG00000057400,ENSMUSG00000062432,ENSMUSG00000078964,ENSMUSG00000109350","downregulated"
"19","lipid localization","query_1","TRUE","0.00244563123282161","490","982","41","0.0417515274949083","0.0836734693877551","GO:0010876","GO:BP","27543","4997","GO:0033036","IDA ISO IBA IEA,IMP,IEA,IDA IBA,ISO IBA IEA,ISS ISO IEA,IDA IBA IEA,IDA,ISO IEA,IDA IMP ISO IC IEA,IMP ISO IBA IEA,IEA,IDA ISO IBA IEA,IBA,IGI,IDA,ISO IEA,IDA IMP ISO IEA,IDA IMP IBA IEA,ISO,IBA,IBA IEA,IBA,ISO,IMP,IEA,IDA IPI IBA IEA,ISO,ISO,ISS ISO,IBA,ISO,IEA,ISO IEA,IEA,IDA,IBA IEA,IEA,ISO IBA TAS IEA,ISO,IBA","ENSMUSG00000004668,ENSMUSG00000006574,ENSMUSG00000015001,ENSMUSG00000020062,ENSMUSG00000021135,ENSMUSG00000022061,ENSMUSG00000022215,ENSMUSG00000022366,ENSMUSG00000024107,ENSMUSG00000024254,ENSMUSG00000024391,ENSMUSG00000024757,ENSMUSG00000027359,ENSMUSG00000027530,ENSMUSG00000028003,ENSMUSG00000028017,ENSMUSG00000028553,ENSMUSG00000028655,ENSMUSG00000030382,ENSMUSG00000031725,ENSMUSG00000032454,ENSMUSG00000035435,ENSMUSG00000041698,ENSMUSG00000048834,ENSMUSG00000052520,ENSMUSG00000052562,ENSMUSG00000053862,ENSMUSG00000054385,ENSMUSG00000056973,ENSMUSG00000057074,ENSMUSG00000058921,ENSMUSG00000061959,ENSMUSG00000063590,ENSMUSG00000064177,ENSMUSG00000067656,ENSMUSG00000073988,ENSMUSG00000074139,ENSMUSG00000075044,ENSMUSG00000078937,ENSMUSG00000078964,ENSMUSG00000079262","downregulated","query_1","TRUE","1.96577317855473e-08","490","468","34","0.0726495726495727","0.0693877551020408","GO:0010876","GO:BP","27543","4997","GO:0033036","ISO,ISO IEA,IMP,ISO,ISO IBA IEA,IBA,IDA IMP ISO IC IEA,IMP ISS ISO IBA IEA,IBA,IDA,IEA,IEA,ISO IBA IEA,IDA IMP IBA IEA,ISO IBA IEA,IMP ISO IBA IEA,IEA,IDA IMP ISS ISO IBA IEA,IDA IPI IBA,IEA,ISO IEA,IDA IMP ISO IC IEA,IGI IEA,ISO IBA IEA,ISO,ISS ISO,ISO,ISO IEA,ISO IBA IEA,ISS,ISS,ISS,ISO,ISO IEA","ENSMUSG00000000049,ENSMUSG00000002588,ENSMUSG00000006574,ENSMUSG00000012705,ENSMUSG00000021135,ENSMUSG00000022753,ENSMUSG00000024254,ENSMUSG00000027048,ENSMUSG00000027528,ENSMUSG00000028017,ENSMUSG00000028240,ENSMUSG00000028749,ENSMUSG00000030236,ENSMUSG00000030382,ENSMUSG00000032079,ENSMUSG00000032080,ENSMUSG00000032081,ENSMUSG00000032083,ENSMUSG00000035699,ENSMUSG00000037583,ENSMUSG00000037942,ENSMUSG00000040505,ENSMUSG00000047631,ENSMUSG00000054422,ENSMUSG00000056973,ENSMUSG00000057074,ENSMUSG00000057400,ENSMUSG00000064177,ENSMUSG00000074336,ENSMUSG00000078674,ENSMUSG00000078675,ENSMUSG00000078686,ENSMUSG00000078964,ENSMUSG00000109350","downregulated"
"20","lipid transport","query_1","TRUE","0.00166050070006208","430","982","38","0.0386965376782077","0.0883720930232558","GO:0006869","GO:BP","27543","2815","c(""GO:0010876"", ""GO:0071702"")","IDA ISO IBA IEA,IMP,IEA,IDA IBA,ISO IBA IEA,ISS ISO IEA,IDA,ISO IEA,IDA IMP ISO IC IEA,IMP ISO IBA IEA,IEA,IDA ISO IBA IEA,IBA,IGI,IDA,IDA IMP ISO IEA,IDA IMP IBA IEA,ISO,IBA,IBA IEA,IBA,IMP,IEA,IDA IPI IBA IEA,ISO,ISO,ISS ISO,IBA,ISO,IEA,ISO IEA,IEA,IDA,IBA IEA,IEA,ISO IBA TAS IEA,ISO,IBA","ENSMUSG00000004668,ENSMUSG00000006574,ENSMUSG00000015001,ENSMUSG00000020062,ENSMUSG00000021135,ENSMUSG00000022061,ENSMUSG00000022366,ENSMUSG00000024107,ENSMUSG00000024254,ENSMUSG00000024391,ENSMUSG00000024757,ENSMUSG00000027359,ENSMUSG00000027530,ENSMUSG00000028003,ENSMUSG00000028017,ENSMUSG00000028655,ENSMUSG00000030382,ENSMUSG00000031725,ENSMUSG00000032454,ENSMUSG00000035435,ENSMUSG00000041698,ENSMUSG00000052520,ENSMUSG00000052562,ENSMUSG00000053862,ENSMUSG00000054385,ENSMUSG00000056973,ENSMUSG00000057074,ENSMUSG00000058921,ENSMUSG00000061959,ENSMUSG00000063590,ENSMUSG00000064177,ENSMUSG00000067656,ENSMUSG00000073988,ENSMUSG00000074139,ENSMUSG00000075044,ENSMUSG00000078937,ENSMUSG00000078964,ENSMUSG00000079262","downregulated","query_1","TRUE","3.17555000077091e-07","430","468","30","0.0641025641025641","0.0697674418604651","GO:0006869","GO:BP","27543","2815","c(""GO:0010876"", ""GO:0071702"")","ISO,ISO IEA,IMP,ISO,ISO IBA IEA,IBA,IDA IMP ISO IC IEA,IMP ISS ISO IBA IEA,IBA,IDA,IEA,IEA,ISO IBA IEA,IDA IMP IBA IEA,ISO IBA IEA,IMP ISO IBA IEA,IEA,IDA IMP ISS ISO IBA IEA,IDA IPI IBA,IEA,IDA IMP ISO IC IEA,IGI IEA,ISO IBA IEA,ISO,ISS ISO,ISO,ISO IEA,IEA,ISO,ISO IEA","ENSMUSG00000000049,ENSMUSG00000002588,ENSMUSG00000006574,ENSMUSG00000012705,ENSMUSG00000021135,ENSMUSG00000022753,ENSMUSG00000024254,ENSMUSG00000027048,ENSMUSG00000027528,ENSMUSG00000028017,ENSMUSG00000028240,ENSMUSG00000028749,ENSMUSG00000030236,ENSMUSG00000030382,ENSMUSG00000032079,ENSMUSG00000032080,ENSMUSG00000032081,ENSMUSG00000032083,ENSMUSG00000035699,ENSMUSG00000037583,ENSMUSG00000040505,ENSMUSG00000047631,ENSMUSG00000054422,ENSMUSG00000056973,ENSMUSG00000057074,ENSMUSG00000057400,ENSMUSG00000064177,ENSMUSG00000074336,ENSMUSG00000078964,ENSMUSG00000109350","downregulated"
"21","long-chain fatty acid metabolic process","query_1","TRUE","0.000455640174157452","124","982","19","0.0193482688391039","0.153225806451613","GO:0001676","GO:BP","27543","491","GO:0006631","IDA,ISO IBA,ISO IBA IEA,IDA ISO TAS IEA,ISO IBA,ISO IBA,TAS IEA,IEA,IBA,IEA,ISO IEA,ISO,ISO IEA,ISO IBA,ISO IBA,ISO,ISO,IBA,IBA","ENSMUSG00000021228,ENSMUSG00000024292,ENSMUSG00000025197,ENSMUSG00000027359,ENSMUSG00000028712,ENSMUSG00000028715,ENSMUSG00000030382,ENSMUSG00000033533,ENSMUSG00000040650,ENSMUSG00000041653,ENSMUSG00000052392,ENSMUSG00000052520,ENSMUSG00000058022,ENSMUSG00000063929,ENSMUSG00000066072,ENSMUSG00000066097,ENSMUSG00000082932,ENSMUSG00000092008,ENSMUSG00000096852","downregulated","query_1","TRUE","1.48836182381255e-08","124","468","18","0.0384615384615385","0.145161290322581","GO:0001676","GO:BP","27543","491","GO:0006631","IDA IBA IEA,ISO IBA,IDA IBA,IBA IEA,IMP,TAS IEA,IEA,IBA,IDA IBA IEA,IDA IBA,IBA,IBA,IBA,IDA IBA,IBA,IBA,IBA,IBA","ENSMUSG00000003053,ENSMUSG00000024292,ENSMUSG00000025002,ENSMUSG00000025004,ENSMUSG00000028749,ENSMUSG00000030382,ENSMUSG00000032310,ENSMUSG00000040660,ENSMUSG00000042248,ENSMUSG00000054827,ENSMUSG00000060407,ENSMUSG00000060613,ENSMUSG00000062624,ENSMUSG00000067225,ENSMUSG00000074254,ENSMUSG00000074882,ENSMUSG00000091867,ENSMUSG00000094806","downregulated"
"22","Metapathway biotransformation","query_1","TRUE","1.62483259363509e-05","135","168","20","0.119047619047619","0.148148148148148","WP:WP1251","WP","4305","78","WP:000000","WP,WP,WP,WP,WP,WP,WP,WP,WP,WP,WP,WP,WP,WP,WP,WP,WP,WP,WP,WP","ENSMUSG00000001467,ENSMUSG00000003477,ENSMUSG00000003555,ENSMUSG00000026691,ENSMUSG00000026692,ENSMUSG00000027971,ENSMUSG00000028713,ENSMUSG00000029269,ENSMUSG00000030004,ENSMUSG00000035780,ENSMUSG00000038045,ENSMUSG00000038641,ENSMUSG00000039653,ENSMUSG00000040170,ENSMUSG00000040181,ENSMUSG00000057933,ENSMUSG00000062432,ENSMUSG00000063415,ENSMUSG00000089943,ENSMUSG00000090171","downregulated","query_1","TRUE","0.0150138263517656","135","81","10","0.123456790123457","0.0740740740740741","WP:WP1251","WP","4305","78","WP:000000","WP,WP,WP,WP,WP,WP,WP,WP,WP,WP","ENSMUSG00000003477,ENSMUSG00000026691,ENSMUSG00000028240,ENSMUSG00000032310,ENSMUSG00000032323,ENSMUSG00000035930,ENSMUSG00000062432,ENSMUSG00000075604,ENSMUSG00000078591,ENSMUSG00000078798","downregulated"
"23","monocarboxylic acid binding","query_1","TRUE","0.000136809531189226","94","980","17","0.0173469387755102","0.180851063829787","GO:0033293","GO:MF","25412","5484","GO:0031406","IMP ISO IBA,ISO IBA IEA,ISO,ISO,IBA,ISO IEA,ISO,ISO IBA IEA,IBA,IDA,IBA,ISO IBA,ISO,ISO IEA,ISO IEA,IBA,ISO","ENSMUSG00000021207,ENSMUSG00000021751,ENSMUSG00000022323,ENSMUSG00000024292,ENSMUSG00000027530,ENSMUSG00000028003,ENSMUSG00000028715,ENSMUSG00000029368,ENSMUSG00000029369,ENSMUSG00000031710,ENSMUSG00000032454,ENSMUSG00000033715,ENSMUSG00000057933,ENSMUSG00000062432,ENSMUSG00000063415,ENSMUSG00000070690,ENSMUSG00000090171","downregulated","query_1","TRUE","0.0417211124990182","94","458","9","0.0196506550218341","0.0957446808510638","GO:0033293","GO:MF","25412","5484","GO:0031406","ISO IBA,ISO,ISO IBA,IBA,ISO IBA IEA,IDA,ISO IBA IEA,ISO IEA,IBA","ENSMUSG00000021210,ENSMUSG00000024292,ENSMUSG00000025955,ENSMUSG00000027528,ENSMUSG00000029368,ENSMUSG00000031710,ENSMUSG00000054422,ENSMUSG00000062432,ENSMUSG00000070690","downregulated"
"24","monocarboxylic acid metabolic process","query_1","TRUE","2.15930530707693e-20","649","982","83","0.0845213849287169","0.12788906009245","GO:0032787","GO:BP","27543","9026","GO:0019752","IEA,IEA,ISS ISO IBA IEA,IMP ISO IEA,IMP IEA,IMP,ISO IBA IEA,TAS,IBA,IDA IBA IEA,ISO IBA IC,IBA TAS IEA,ISO IBA IEA,IMP ISS ISO IBA TAS IEA,IMP,ISO IBA,IEA,IMP,ISO IBA IEA,IEA,ISA IEA,IEA,ISO IBA IEA,IDA IMP ISO IBA TAS IEA,IMP ISO IBA IEA,ISO IEA,ISO IBA IC IEA,ISO IEA,IMP,ISO IBA IEA,ISO IBA IEA,IMP ISO IBA TAS IEA,IBA IEA,IBA IEA,IDA ISO,NAS,IMP,IDA IBA IEA,IBA,IEA,IDA,ISO,IMP ISO IBA IEA,IDA ISS ISO IBA IEA,ISO IEA,IMP ISO IBA IEA,IDA ISO IBA IEA,ISO IEA,IBA,IEA,IEA,IDA ISO IBA IEA,ISO,ISO,ISO,IDA IBA,IDA ISO,ISS ISO,ISO IBA IEA,ISO IEA,ISO,ISO IEA,IMP ISS ISO IBA IEA,ISS ISO IC IEA,ISO IBA IEA,ISO IBA TAS IEA,ISO,ISS ISO IEA,IDA ISO,ISO,IBA IEA,ISO,IMP,ISO,IBA,ISO IBA IEA,IEA,ISO IBA,IBA,ISO,IBA,IBA,IBA","ENSMUSG00000000673,ENSMUSG00000001155,ENSMUSG00000003809,ENSMUSG00000005373,ENSMUSG00000006542,ENSMUSG00000006574,ENSMUSG00000010651,ENSMUSG00000020774,ENSMUSG00000021207,ENSMUSG00000021228,ENSMUSG00000021416,ENSMUSG00000021620,ENSMUSG00000021751,ENSMUSG00000022853,ENSMUSG00000023019,ENSMUSG00000024292,ENSMUSG00000024892,ENSMUSG00000025059,ENSMUSG00000025197,ENSMUSG00000025815,ENSMUSG00000026189,ENSMUSG00000026866,ENSMUSG00000027199,ENSMUSG00000027359,ENSMUSG00000027513,ENSMUSG00000027870,ENSMUSG00000028307,ENSMUSG00000028553,ENSMUSG00000028655,ENSMUSG00000028712,ENSMUSG00000028715,ENSMUSG00000030382,ENSMUSG00000030945,ENSMUSG00000030972,ENSMUSG00000031725,ENSMUSG00000032066,ENSMUSG00000032114,ENSMUSG00000033533,ENSMUSG00000033715,ENSMUSG00000034456,ENSMUSG00000034875,ENSMUSG00000035780,ENSMUSG00000037071,ENSMUSG00000037542,ENSMUSG00000038641,ENSMUSG00000038754,ENSMUSG00000039653,ENSMUSG00000039783,ENSMUSG00000040650,ENSMUSG00000041653,ENSMUSG00000044788,ENSMUSG00000052392,ENSMUSG00000052520,ENSMUSG00000054052,ENSMUSG00000054385,ENSMUSG00000054474,ENSMUSG00000056973,ENSMUSG00000057074,ENSMUSG00000057880,ENSMUSG00000058022,ENSMUSG00000061959,ENSMUSG00000062432,ENSMUSG00000062908,ENSMUSG00000063415,ENSMUSG00000063929,ENSMUSG00000066072,ENSMUSG00000066097,ENSMUSG00000069805,ENSMUSG00000074028,ENSMUSG00000074639,ENSMUSG00000078937,ENSMUSG00000078964,ENSMUSG00000079262,ENSMUSG00000082932,ENSMUSG00000089675,ENSMUSG00000089678,ENSMUSG00000089739,ENSMUSG00000089943,ENSMUSG00000090171,ENSMUSG00000091813,ENSMUSG00000092008,ENSMUSG00000096852,ENSMUSG00000115022","downregulated","query_1","TRUE","5.78545724393986e-10","649","468","42","0.0897435897435897","0.0647149460708783","GO:0032787","GO:BP","27543","9026","GO:0019752","IDA IBA IEA,IMP,IBA,ISO IBA,IDA ISO IBA,IBA IEA,IBA,IMP ISS ISO IEA,IMP ISS ISO IEA,ISS ISO IBA IEA,IEA,ISS ISO IBA TAS IEA,IMP,ISO IEA,IDA IEA,IMP ISO IBA TAS IEA,ISO IBA IEA,ISO IBA IEA,IBA,ISO IEA,ISO IEA,IBA,IDA IBA IEA,ISO IEA,IDA IBA,ISO,IDA ISO,ISS ISO,ISO,IBA,IBA,IEA,ISO IEA,IBA,IDA IBA,IBA,IBA,ISO,ISO,IBA,IBA,ISO","ENSMUSG00000003053,ENSMUSG00000006574,ENSMUSG00000021210,ENSMUSG00000024292,ENSMUSG00000025002,ENSMUSG00000025004,ENSMUSG00000025955,ENSMUSG00000026272,ENSMUSG00000027048,ENSMUSG00000027261,ENSMUSG00000028148,ENSMUSG00000028240,ENSMUSG00000028749,ENSMUSG00000029597,ENSMUSG00000030378,ENSMUSG00000030382,ENSMUSG00000032079,ENSMUSG00000032080,ENSMUSG00000032083,ENSMUSG00000032310,ENSMUSG00000035836,ENSMUSG00000040660,ENSMUSG00000042248,ENSMUSG00000054422,ENSMUSG00000054827,ENSMUSG00000055730,ENSMUSG00000056973,ENSMUSG00000057074,ENSMUSG00000057400,ENSMUSG00000060407,ENSMUSG00000060613,ENSMUSG00000061099,ENSMUSG00000062432,ENSMUSG00000062624,ENSMUSG00000067225,ENSMUSG00000074254,ENSMUSG00000074882,ENSMUSG00000078964,ENSMUSG00000091813,ENSMUSG00000091867,ENSMUSG00000094806,ENSMUSG00000109350","downregulated"
"25","monocarboxylic acid transport","query_1","TRUE","9.67165973164343e-10","133","982","27","0.0274949083503055","0.203007518796992","GO:0015718","GO:BP","27543","5391","GO:0046942","IEA,IDA IBA IEA,ISS ISO IBA IEA,ISO IBA IEA,IDA,ISO IEA,IEA,IBA,IBA,ISO,IBA IEA,IBA,IEA,IBA,IEA,IDA IPI ISO IBA IEA,ISO,ISO,ISS ISO,IBA,ISO,IEA,IEA,ISO,IEA,ISO,IBA","ENSMUSG00000015001,ENSMUSG00000020062,ENSMUSG00000020102,ENSMUSG00000021135,ENSMUSG00000022366,ENSMUSG00000024107,ENSMUSG00000024757,ENSMUSG00000026220,ENSMUSG00000027896,ENSMUSG00000031725,ENSMUSG00000032988,ENSMUSG00000037762,ENSMUSG00000041644,ENSMUSG00000041698,ENSMUSG00000052562,ENSMUSG00000053862,ENSMUSG00000054385,ENSMUSG00000056973,ENSMUSG00000057074,ENSMUSG00000058921,ENSMUSG00000061959,ENSMUSG00000063590,ENSMUSG00000067656,ENSMUSG00000074028,ENSMUSG00000075044,ENSMUSG00000078964,ENSMUSG00000079262","downregulated","query_1","TRUE","0.0113599163983215","133","468","12","0.0256410256410256","0.0902255639097744","GO:0015718","GO:BP","27543","5391","GO:0046942","ISO IBA IEA,IBA,IMP ISS ISO IBA IEA,IEA,IEA,ISO IBA IEA,IDA IPI ISO IBA IEA,IEA,ISO,ISS ISO,ISO,ISO","ENSMUSG00000021135,ENSMUSG00000026220,ENSMUSG00000027048,ENSMUSG00000028240,ENSMUSG00000028749,ENSMUSG00000030236,ENSMUSG00000035699,ENSMUSG00000037583,ENSMUSG00000056973,ENSMUSG00000057074,ENSMUSG00000057400,ENSMUSG00000078964","downregulated"
"26","monooxygenase activity","query_1","TRUE","1.02400978183733e-10","159","980","31","0.0316326530612245","0.19496855345912","GO:0004497","GO:MF","25412","1099","GO:0016491","ISS ISO IBA TAS IEA,IDA IMP ISO IBA IEA,IEA,IMP ISO IBA IEA,ISO IBA,IEA,ISS ISO IBA IEA,ISO IBA IEA,ISO IBA IEA,ISO IBA IEA,IBA IEA,ISO IBA IEA,IEA,ISO IBA IEA,ISO IBA,IBA,IMP ISS ISO IBA IEA,IDA ISO IBA IEA,IMP ISO IBA IEA,ISO IBA IEA,ISO IBA IEA,IDA ISO IBA IEA,ISO IBA IEA,ISS ISO IBA IEA,ISO IBA IEA,ISO IBA TAS IEA,ISO IBA IEA,IBA IEA,ISO IBA IEA,ISO IBA IEA,ISO IBA IEA","ENSMUSG00000001467,ENSMUSG00000003555,ENSMUSG00000005547,ENSMUSG00000020051,ENSMUSG00000021207,ENSMUSG00000022445,ENSMUSG00000022613,ENSMUSG00000024292,ENSMUSG00000025197,ENSMUSG00000026691,ENSMUSG00000026692,ENSMUSG00000028712,ENSMUSG00000028713,ENSMUSG00000028715,ENSMUSG00000033715,ENSMUSG00000038641,ENSMUSG00000039783,ENSMUSG00000040170,ENSMUSG00000040181,ENSMUSG00000040650,ENSMUSG00000052520,ENSMUSG00000056035,ENSMUSG00000062432,ENSMUSG00000063415,ENSMUSG00000063929,ENSMUSG00000066072,ENSMUSG00000066097,ENSMUSG00000081362,ENSMUSG00000082932,ENSMUSG00000092008,ENSMUSG00000096852","downregulated","query_1","TRUE","2.84611317686436e-20","159","458","31","0.0676855895196507","0.19496855345912","GO:0004497","GO:MF","25412","1099","GO:0016491","IDA ISO IBA IEA,ISO IBA,IDA ISO IBA IEA,ISO IBA IEA,IDA ISO IBA IEA,IDA ISO IBA IEA,ISO IBA,ISO IBA IEA,IDA ISS ISO IBA IEA,ISO IBA IEA,IEA,IDA ISS ISO IBA IEA,IDA ISO IBA IEA,ISO IBA IEA,ISO IBA IEA,IDA ISO IBA IEA,ISO IBA IEA,IDA ISO IBA IEA,IDA ISO IBA IEA,ISO IBA IEA,IBA IEA,ISO IBA IEA,ISO IBA IEA,ISO IBA IEA,IDA ISO IBA IEA,ISO IBA IEA,ISO IBA IEA,ISO IBA IEA,IDA ISO IBA IEA,ISO IBA IEA,ISO IBA IEA","ENSMUSG00000003053,ENSMUSG00000021210,ENSMUSG00000022589,ENSMUSG00000024292,ENSMUSG00000025002,ENSMUSG00000025004,ENSMUSG00000025955,ENSMUSG00000026691,ENSMUSG00000028240,ENSMUSG00000029630,ENSMUSG00000030483,ENSMUSG00000032310,ENSMUSG00000032323,ENSMUSG00000038656,ENSMUSG00000040660,ENSMUSG00000042248,ENSMUSG00000054417,ENSMUSG00000054827,ENSMUSG00000056035,ENSMUSG00000060407,ENSMUSG00000060613,ENSMUSG00000061292,ENSMUSG00000062432,ENSMUSG00000062624,ENSMUSG00000067225,ENSMUSG00000074254,ENSMUSG00000074882,ENSMUSG00000075551,ENSMUSG00000075604,ENSMUSG00000091867,ENSMUSG00000094806","downregulated"
"27","olefinic compound metabolic process","query_1","TRUE","5.79477345082445e-06","178","982","26","0.0264765784114053","0.146067415730337","GO:0120254","GO:BP","27543","22899","GO:0071704","ISS ISO IBA IEA,IBA,ISO IBA,ISO IBA IEA,IMP IGI ISS ISO IEA,ISO IBA,ISO IBA,IEA,IGI IBA NAS,IEA,IBA,ISS ISO IC IEA,IBA,ISO,ISO,IEA,IEA,ISO IBA,ISO IBA,ISO,ISO,ISO,IBA,ISO,ISO,IBA","ENSMUSG00000003555,ENSMUSG00000021207,ENSMUSG00000024292,ENSMUSG00000025197,ENSMUSG00000028003,ENSMUSG00000028712,ENSMUSG00000028715,ENSMUSG00000031725,ENSMUSG00000032066,ENSMUSG00000033122,ENSMUSG00000033715,ENSMUSG00000037542,ENSMUSG00000040650,ENSMUSG00000052520,ENSMUSG00000054052,ENSMUSG00000056973,ENSMUSG00000061959,ENSMUSG00000063929,ENSMUSG00000066072,ENSMUSG00000066097,ENSMUSG00000074639,ENSMUSG00000082932,ENSMUSG00000092008,ENSMUSG00000095143,ENSMUSG00000095388,ENSMUSG00000096852","downregulated","query_1","TRUE","1.84121300177296e-14","178","468","27","0.0576923076923077","0.151685393258427","GO:0120254","GO:BP","27543","22899","GO:0071704","IDA IBA IEA,IBA,IDA ISO IBA,ISO IBA,IDA IBA,IBA IEA,IBA,IMP,ISS ISO IEA,IBA,IEA,IEA,IBA,IDA IBA IEA,IDA IBA,IEA,IEA,IBA,IBA,IBA,IDA IBA,IBA,IBA,ISO IBA,IBA,IBA,ISO","ENSMUSG00000003053,ENSMUSG00000021210,ENSMUSG00000022589,ENSMUSG00000024292,ENSMUSG00000025002,ENSMUSG00000025004,ENSMUSG00000025955,ENSMUSG00000028749,ENSMUSG00000032310,ENSMUSG00000032323,ENSMUSG00000033122,ENSMUSG00000040134,ENSMUSG00000040660,ENSMUSG00000042248,ENSMUSG00000054827,ENSMUSG00000055730,ENSMUSG00000056973,ENSMUSG00000060407,ENSMUSG00000060613,ENSMUSG00000062624,ENSMUSG00000067225,ENSMUSG00000074254,ENSMUSG00000074882,ENSMUSG00000075604,ENSMUSG00000091867,ENSMUSG00000094806,ENSMUSG00000095143","downregulated"
"28","organic acid binding","query_1","TRUE","0.000439190335763971","150","980","21","0.0214285714285714","0.14","GO:0043177","GO:MF","25412","6769","GO:0036094","IEA,IDA ISO IBA IEA,ISO IEA,ISO,IMP,ISS ISO,ISO,IBA IEA,ISO,ISO IEA,ISO,ISO,ISO IEA,ISO,IDA,ISO IEA,ISO IEA,IBA,IBA,ISO IEA,ISO","ENSMUSG00000001155,ENSMUSG00000002769,ENSMUSG00000003526,ENSMUSG00000020051,ENSMUSG00000021207,ENSMUSG00000022304,ENSMUSG00000024292,ENSMUSG00000024827,ENSMUSG00000026691,ENSMUSG00000028003,ENSMUSG00000028715,ENSMUSG00000035745,ENSMUSG00000039579,ENSMUSG00000042102,ENSMUSG00000054474,ENSMUSG00000062432,ENSMUSG00000063415,ENSMUSG00000073063,ENSMUSG00000073940,ENSMUSG00000076441,ENSMUSG00000090171","downregulated","query_1","TRUE","0.0152519220440817","150","458","12","0.0262008733624454","0.08","GO:0043177","GO:MF","25412","6769","GO:0036094","ISO IEA,ISS ISO,ISO,ISO IEA,ISO IEA,ISO,ISO IEA,ISO IEA,ISO,ISO,ISO IEA,ISO IEA","ENSMUSG00000001670,ENSMUSG00000022304,ENSMUSG00000024292,ENSMUSG00000025991,ENSMUSG00000026272,ENSMUSG00000026691,ENSMUSG00000028011,ENSMUSG00000031173,ENSMUSG00000035745,ENSMUSG00000037798,ENSMUSG00000054422,ENSMUSG00000062432","downregulated"
"29","organic acid metabolic process","query_1","TRUE","1.48296592329872e-31","982","982","124","0.126272912423625","0.126272912423625","GO:0006082","GO:BP","27543","2114","c(""GO:0044237"", ""GO:0044281"", ""GO:0071704"")","ISS ISO IBA IEA,TAS IEA,IMP ISO IBA,IBA IEA,ISS ISO IBA IEA,IMP ISO IEA,IMP ISS,IMP IEA,IMP,ISO IBA IEA,IDA IBA IEA,ISS ISO IBA IEA,ISO IBA IEA,TAS,IBA,IDA IBA IEA,ISO IBA IEA,ISO IBA IC,IEA,IBA TAS IEA,ISO IBA IEA,ISS ISO,IMP IBA IEA,IMP ISS ISO IBA TAS IEA,IMP,IBA,IEA,ISO IBA,ISO,ISS ISO IBA IEA,IEA,IDA ISO IBA IEA,IMP,ISO IBA IEA,IEA,ISS ISO,IBA IEA,ISA IEA,ISS ISO IEA,IEA,ISO IBA IEA,IDA IMP ISO IBA TAS IEA,IMP ISO IBA IEA,ISO IEA,ISS ISO IBA IEA,ISO IBA IC IEA,ISO IEA,IMP,ISO IBA IEA,ISO IBA IEA,ISO IEA,ISS ISO IBA IEA,IDA IBA IEA,IMP ISO IBA TAS IEA,ISO IEA,IBA IEA,IBA IEA,IDA IMP ISO IBA IEA,IDA ISO,NAS,IMP,ISS ISO IBA IEA,IDA IBA IEA,IBA,ISO IBA IEA,IEA,IDA,ISO,ISS ISO IEA,IBA IEA,IDA IMP IGI ISO IBA IEA,IDA ISS ISO IBA IEA,ISO IEA,ISO IEA,ISO IEA,IMP ISO IBA IEA,IMP,IDA ISO IBA IEA,IMP ISO IBA IEA,ISO IEA,ISO IEA,IBA,IEA,ISO IEA,IEA,IDA ISO IBA IEA,ISO IBA,ISO,ISO,IDA IBA,IDA ISO,ISS ISO,ISS ISO IBA IEA,ISO IBA IEA,ISO IEA,IEA,ISO,ISO IEA,IMP ISS ISO IBA IEA,ISS ISO IC IEA,ISO IBA IEA,ISO IBA TAS IEA,ISO IBA,IDA ISO IEA,ISS ISO IEA,IDA ISO,ISO,IDA ISO IEA,ISS ISO IBA IEA,IMP,IBA IEA,ISO,IMP,IBA,ISO IBA,IBA,ISO IBA IEA,IEA,ISO IBA,IBA,ISO,IBA,IBA,IBA","ENSMUSG00000000673,ENSMUSG00000001155,ENSMUSG00000002769,ENSMUSG00000003526,ENSMUSG00000003809,ENSMUSG00000005373,ENSMUSG00000006345,ENSMUSG00000006542,ENSMUSG00000006574,ENSMUSG00000010651,ENSMUSG00000017718,ENSMUSG00000019762,ENSMUSG00000020051,ENSMUSG00000020774,ENSMUSG00000021207,ENSMUSG00000021228,ENSMUSG00000021238,ENSMUSG00000021416,ENSMUSG00000021490,ENSMUSG00000021620,ENSMUSG00000021751,ENSMUSG00000022304,ENSMUSG00000022821,ENSMUSG00000022853,ENSMUSG00000023019,ENSMUSG00000023120,ENSMUSG00000023262,ENSMUSG00000024292,ENSMUSG00000024694,ENSMUSG00000024827,ENSMUSG00000024892,ENSMUSG00000024899,ENSMUSG00000025059,ENSMUSG00000025197,ENSMUSG00000025815,ENSMUSG00000025911,ENSMUSG00000025963,ENSMUSG00000026189,ENSMUSG00000026348,ENSMUSG00000026866,ENSMUSG00000027199,ENSMUSG00000027359,ENSMUSG00000027513,ENSMUSG00000027870,ENSMUSG00000028179,ENSMUSG00000028307,ENSMUSG00000028553,ENSMUSG00000028655,ENSMUSG00000028712,ENSMUSG00000028715,ENSMUSG00000029269,ENSMUSG00000029445,ENSMUSG00000029695,ENSMUSG00000030382,ENSMUSG00000030562,ENSMUSG00000030945,ENSMUSG00000030972,ENSMUSG00000031549,ENSMUSG00000031725,ENSMUSG00000032066,ENSMUSG00000032114,ENSMUSG00000033427,ENSMUSG00000033533,ENSMUSG00000033715,ENSMUSG00000034456,ENSMUSG00000034785,ENSMUSG00000034875,ENSMUSG00000035780,ENSMUSG00000036083,ENSMUSG00000036892,ENSMUSG00000037071,ENSMUSG00000037542,ENSMUSG00000037686,ENSMUSG00000037762,ENSMUSG00000038641,ENSMUSG00000038754,ENSMUSG00000039438,ENSMUSG00000039653,ENSMUSG00000039783,ENSMUSG00000040170,ENSMUSG00000040181,ENSMUSG00000040650,ENSMUSG00000041653,ENSMUSG00000042118,ENSMUSG00000044788,ENSMUSG00000052392,ENSMUSG00000052520,ENSMUSG00000054052,ENSMUSG00000054385,ENSMUSG00000054474,ENSMUSG00000056973,ENSMUSG00000057074,ENSMUSG00000057228,ENSMUSG00000057880,ENSMUSG00000058022,ENSMUSG00000061742,ENSMUSG00000061959,ENSMUSG00000062432,ENSMUSG00000062908,ENSMUSG00000063415,ENSMUSG00000063929,ENSMUSG00000066072,ENSMUSG00000066097,ENSMUSG00000069324,ENSMUSG00000069805,ENSMUSG00000074028,ENSMUSG00000074639,ENSMUSG00000074768,ENSMUSG00000076441,ENSMUSG00000078650,ENSMUSG00000078937,ENSMUSG00000078964,ENSMUSG00000079262,ENSMUSG00000081362,ENSMUSG00000082932,ENSMUSG00000089675,ENSMUSG00000089678,ENSMUSG00000089739,ENSMUSG00000089943,ENSMUSG00000090171,ENSMUSG00000091813,ENSMUSG00000092008,ENSMUSG00000096852,ENSMUSG00000115022","downregulated","query_1","TRUE","2.34283502783567e-12","982","468","57","0.121794871794872","0.0580448065173116","GO:0006082","GO:BP","27543","2114","c(""GO:0044237"", ""GO:0044281"", ""GO:0071704"")","IDA ISO IEA,ISO IEA,IDA IBA IEA,IMP,IBA,ISS ISO,ISO IBA,IDA ISO IBA,IBA IEA,IBA,ISO IBA IEA,IMP ISS ISO IBA IEA,IMP ISS ISO IEA,ISS ISO IBA IEA,ISS ISO IBA IEA,IEA,IDA ISO IBA IEA,ISS ISO IBA TAS IEA,IMP,ISS ISO IBA IEA,ISO IBA IEA,IDA ISO IEA,IMP ISO IBA TAS IEA,ISO IBA IEA,ISO IBA IEA,ISO IBA IEA,IBA,ISO IEA,IEA,ISO IEA,ISS ISO IEA,IBA,IDA IBA IEA,ISO IEA,IDA IBA,ISO,IDA ISO,ISS ISO,ISO,IBA,IBA,IEA,ISO IEA,IBA,IDA IBA,IBA,ISO,IDA ISO IEA,IBA,IDA IEA,ISO,ISO,ISO,ISO,IBA,IBA,ISO","ENSMUSG00000001670,ENSMUSG00000002588,ENSMUSG00000003053,ENSMUSG00000006574,ENSMUSG00000021210,ENSMUSG00000022304,ENSMUSG00000024292,ENSMUSG00000025002,ENSMUSG00000025004,ENSMUSG00000025955,ENSMUSG00000025991,ENSMUSG00000026272,ENSMUSG00000027048,ENSMUSG00000027261,ENSMUSG00000028011,ENSMUSG00000028148,ENSMUSG00000028186,ENSMUSG00000028240,ENSMUSG00000028749,ENSMUSG00000029445,ENSMUSG00000029597,ENSMUSG00000030378,ENSMUSG00000030382,ENSMUSG00000031173,ENSMUSG00000032079,ENSMUSG00000032080,ENSMUSG00000032083,ENSMUSG00000032310,ENSMUSG00000034785,ENSMUSG00000035836,ENSMUSG00000037798,ENSMUSG00000040660,ENSMUSG00000042248,ENSMUSG00000054422,ENSMUSG00000054827,ENSMUSG00000055730,ENSMUSG00000056973,ENSMUSG00000057074,ENSMUSG00000057400,ENSMUSG00000060407,ENSMUSG00000060613,ENSMUSG00000061099,ENSMUSG00000062432,ENSMUSG00000062624,ENSMUSG00000067225,ENSMUSG00000074254,ENSMUSG00000074375,ENSMUSG00000074768,ENSMUSG00000074882,ENSMUSG00000075543,ENSMUSG00000078798,ENSMUSG00000078799,ENSMUSG00000078964,ENSMUSG00000091813,ENSMUSG00000091867,ENSMUSG00000094806,ENSMUSG00000109350","downregulated"
"30","organic hydroxy compound metabolic process","query_1","TRUE","5.840039444535e-06","560","982","51","0.0519348268839104","0.0910714285714286","GO:1901615","GO:BP","27543","24894","GO:0071704","ISO IBA TAS IEA,ISO,ISS ISO IBA IEA,IBA,IEA,ISS ISO IBA IEA,IMP,IDA,ISO IBA,IMP ISO IBA IEA,ISO IBA IEA,IEA,IDA ISO IBA IEA,ISO IBA IEA,IMP ISO IBA IEA,ISO,IMP IGI ISS ISO IEA,ISO IEA,IEA,IEA,IDA ISO IEA,IEA,IMP ISO IBA IEA,ISO IEA,IMP,IEA,IBA,ISO IEA,IDA ISO IEA,IBA IEA,IDA,IEA,ISO,IEA,ISO IEA,ISS ISO,ISO IEA,ISO IEA,ISO IEA,IBA,IBA,IEA,IEA,IMP,IMP ISO IBA IEA,ISO,IMP ISO IBA,ISO,IMP,IMP IBA,ISO","ENSMUSG00000001467,ENSMUSG00000010651,ENSMUSG00000019762,ENSMUSG00000021207,ENSMUSG00000021490,ENSMUSG00000022613,ENSMUSG00000023019,ENSMUSG00000024107,ENSMUSG00000024292,ENSMUSG00000025059,ENSMUSG00000026189,ENSMUSG00000026726,ENSMUSG00000027227,ENSMUSG00000027359,ENSMUSG00000027513,ENSMUSG00000027870,ENSMUSG00000028003,ENSMUSG00000028553,ENSMUSG00000028712,ENSMUSG00000028715,ENSMUSG00000029269,ENSMUSG00000029273,ENSMUSG00000030382,ENSMUSG00000031725,ENSMUSG00000032114,ENSMUSG00000033122,ENSMUSG00000033715,ENSMUSG00000038641,ENSMUSG00000039653,ENSMUSG00000050553,ENSMUSG00000051159,ENSMUSG00000052396,ENSMUSG00000054052,ENSMUSG00000056035,ENSMUSG00000056973,ENSMUSG00000057074,ENSMUSG00000057880,ENSMUSG00000058488,ENSMUSG00000061959,ENSMUSG00000062432,ENSMUSG00000063415,ENSMUSG00000063929,ENSMUSG00000066072,ENSMUSG00000071679,ENSMUSG00000073988,ENSMUSG00000074639,ENSMUSG00000078919,ENSMUSG00000078964,ENSMUSG00000079262,ENSMUSG00000089774,ENSMUSG00000089943","downregulated","query_1","TRUE","1.74669253540366e-07","560","468","35","0.0747863247863248","0.0625","GO:1901615","GO:BP","27543","24894","GO:0071704","IMP TAS,IBA,IDA ISO IBA,ISO IBA,ISS ISO IEA,IBA,IMP ISS ISO IEA,ISS ISO IEA,IDA ISS ISO IBA TAS IEA,IEA,IDA ISO IEA,IMP ISO IBA IEA,IBA,ISO IBA IEA,IMP IGI ISO IBA IEA,ISS ISO IEA,ISS ISO IBA IEA,IEA,IEA,IMP IBA IEA,IEA,IEA,IEA,IEA,ISO IEA,ISS ISO,ISO,IEA,IBA,ISO,IEA,ISO IBA,ISS ISO,ISO,ISO","ENSMUSG00000002588,ENSMUSG00000021210,ENSMUSG00000022589,ENSMUSG00000024292,ENSMUSG00000025396,ENSMUSG00000025955,ENSMUSG00000027048,ENSMUSG00000027261,ENSMUSG00000028240,ENSMUSG00000029630,ENSMUSG00000030378,ENSMUSG00000030382,ENSMUSG00000032079,ENSMUSG00000032080,ENSMUSG00000032083,ENSMUSG00000032310,ENSMUSG00000032323,ENSMUSG00000033122,ENSMUSG00000040134,ENSMUSG00000047631,ENSMUSG00000052396,ENSMUSG00000054417,ENSMUSG00000055730,ENSMUSG00000056035,ENSMUSG00000056973,ENSMUSG00000057074,ENSMUSG00000057400,ENSMUSG00000061292,ENSMUSG00000062432,ENSMUSG00000074375,ENSMUSG00000075551,ENSMUSG00000075604,ENSMUSG00000078798,ENSMUSG00000078799,ENSMUSG00000078964","downregulated"
"31","oxidoreductase activity","query_1","TRUE","1.03197372043157e-21","789","980","98","0.1","0.124207858048162","GO:0016491","GO:MF","25412","3552","GO:0003824","IDA ISO IBA IEA,ISS ISO IBA TAS IEA,ISS ISO IBA IEA,IDA IMP ISO IBA IEA,ISO IBA IEA,IBA IEA,IEA,ISO,IDA ISO ISA IBA IEA,IMP ISO IBA IEA,ISS ISO IBA IEA,IDA IMP ISO ISA IBA IEA,ISO IBA IEA,ISS ISO IBA IEA,IEA,IDA ISS ISO IBA TAS IEA,IBA IEA,IBA IEA,ISS ISO IBA TAS IEA,IDA ISO IBA IEA,ISO IEA,ISO IBA IEA,ISS ISO IBA IEA,ISO IBA IEA,IEA,IEA,ISS ISO IBA IEA,IBA IEA,ISS ISO ISA IBA IEA,ISO IBA IEA,IBA IEA,IDA ISO IBA IEA,ISO IEA,ISO,ISO IBA IEA,IEA,ISO IBA IEA,ISS ISO IBA IEA,IDA IBA IEA,IMP ISO IBA IEA,IEA,IDA IMP ISO IBA IEA,ISS ISO IBA IEA,IDA ISS ISO IBA IEA,ISS ISO IBA IEA,IEA,IDA ISO IBA IEA,IEA,ISS ISO IBA IEA,IDA IGI ISO IBA IEA,IDA IBA IEA,IDA ISS ISO IBA IEA,ISO IBA IEA,ISO IBA IEA,IEA,ISO IBA IEA,IMP ISS ISO IBA IEA,ISO IEA,IDA ISO IBA IEA,IMP ISO IBA IEA,ISO IBA IEA,IDA IMP ISO IBA IEA,ISS ISO IBA IEA,ISO IBA IEA,IBA IEA,ISO IBA IEA,ISO IEA,IDA ISO IBA IEA,ISO,ISO IBA IEA,IMP ISS ISO IBA IEA,ISS ISO IBA IEA,ISS ISO IBA IEA,ISO IBA IEA,ISS ISO IBA IEA,ISS ISO IEA,IDA ISS ISO IBA IEA,ISS ISO IBA IEA,IEA,IBA IEA,ISS ISO IBA IEA,ISS ISO IBA IEA,IDA ISS ISO IBA IEA,IMP ISO IEA,IEA,IBA IEA,ISO IBA TAS IEA,ISO IBA IEA,IBA,ISO IBA,ISO IEA,IBA IEA,ISO IBA IEA,ISO IBA IEA,ISO IBA IEA,ISO IBA IEA,ISO IBA IEA,ISO IBA IEA","ENSMUSG00000000673,ENSMUSG00000001467,ENSMUSG00000003526,ENSMUSG00000003555,ENSMUSG00000003809,ENSMUSG00000004341,ENSMUSG00000005547,ENSMUSG00000010651,ENSMUSG00000019762,ENSMUSG00000020051,ENSMUSG00000020988,ENSMUSG00000021207,ENSMUSG00000021238,ENSMUSG00000021751,ENSMUSG00000022445,ENSMUSG00000022613,ENSMUSG00000022763,ENSMUSG00000022821,ENSMUSG00000022853,ENSMUSG00000023019,ENSMUSG00000024184,ENSMUSG00000024292,ENSMUSG00000024827,ENSMUSG00000025197,ENSMUSG00000025453,ENSMUSG00000025815,ENSMUSG00000025911,ENSMUSG00000025963,ENSMUSG00000026189,ENSMUSG00000026691,ENSMUSG00000026692,ENSMUSG00000027227,ENSMUSG00000027870,ENSMUSG00000028356,ENSMUSG00000028712,ENSMUSG00000028713,ENSMUSG00000028715,ENSMUSG00000029445,ENSMUSG00000029695,ENSMUSG00000030562,ENSMUSG00000030785,ENSMUSG00000031549,ENSMUSG00000031936,ENSMUSG00000032066,ENSMUSG00000033122,ENSMUSG00000033488,ENSMUSG00000033715,ENSMUSG00000034785,ENSMUSG00000036892,ENSMUSG00000037071,ENSMUSG00000037263,ENSMUSG00000037542,ENSMUSG00000038092,ENSMUSG00000038641,ENSMUSG00000038704,ENSMUSG00000038768,ENSMUSG00000039783,ENSMUSG00000040127,ENSMUSG00000040170,ENSMUSG00000040181,ENSMUSG00000040650,ENSMUSG00000040943,ENSMUSG00000041660,ENSMUSG00000042102,ENSMUSG00000044788,ENSMUSG00000052520,ENSMUSG00000054052,ENSMUSG00000056035,ENSMUSG00000057933,ENSMUSG00000062432,ENSMUSG00000062908,ENSMUSG00000063415,ENSMUSG00000063730,ENSMUSG00000063929,ENSMUSG00000064341,ENSMUSG00000064345,ENSMUSG00000064351,ENSMUSG00000064354,ENSMUSG00000064356,ENSMUSG00000064358,ENSMUSG00000064360,ENSMUSG00000064363,ENSMUSG00000064367,ENSMUSG00000064368,ENSMUSG00000064370,ENSMUSG00000065947,ENSMUSG00000066072,ENSMUSG00000066097,ENSMUSG00000073063,ENSMUSG00000073940,ENSMUSG00000074639,ENSMUSG00000081362,ENSMUSG00000082932,ENSMUSG00000090817,ENSMUSG00000092008,ENSMUSG00000095143,ENSMUSG00000095388,ENSMUSG00000096852","downregulated","query_1","TRUE","1.73691765770247e-10","789","458","48","0.104803493449782","0.0608365019011407","GO:0016491","GO:MF","25412","3552","GO:0003824","IDA ISO IBA IEA,IDA ISO IBA IEA,IDA ISO IBA IEA,ISO IBA IEA,IDA ISO IBA IEA,IDA ISO IBA IEA,IDA ISO IEA,ISO IBA IEA,ISO IBA IEA,IDA ISS ISO IEA,ISO IBA IEA,ISS ISO IBA IEA,IDA ISO IBA TAS IEA,IDA ISS ISO IBA IEA,ISS ISO IBA IEA,ISO IBA IEA,IEA,IEA,IBA IEA,IDA ISS ISO IBA IEA,IDA ISO IBA IEA,ISS ISO IBA IEA,IEA,ISO IBA IEA,IEA,ISO IEA,ISO IEA,ISO IBA IEA,IDA ISO IBA IEA,ISO IBA IEA,IDA ISO IBA IEA,IDA ISO IBA IEA,IEA,ISO IBA IEA,IBA IEA,IEA,ISO IBA IEA,ISO IBA IEA,ISO IBA IEA,ISS ISO IBA IEA,IDA ISO IBA IEA,ISO IBA IEA,ISO IBA IEA,ISO IBA IEA,IDA ISO IBA IEA,ISO IBA IEA,ISO IBA IEA,ISO IBA IEA","ENSMUSG00000003053,ENSMUSG00000021210,ENSMUSG00000022589,ENSMUSG00000024292,ENSMUSG00000025002,ENSMUSG00000025004,ENSMUSG00000025396,ENSMUSG00000025955,ENSMUSG00000026691,ENSMUSG00000027261,ENSMUSG00000027871,ENSMUSG00000028011,ENSMUSG00000028186,ENSMUSG00000028240,ENSMUSG00000029445,ENSMUSG00000029630,ENSMUSG00000030483,ENSMUSG00000030785,ENSMUSG00000030804,ENSMUSG00000032310,ENSMUSG00000032323,ENSMUSG00000033122,ENSMUSG00000034785,ENSMUSG00000038656,ENSMUSG00000038704,ENSMUSG00000040127,ENSMUSG00000040134,ENSMUSG00000040660,ENSMUSG00000042248,ENSMUSG00000054417,ENSMUSG00000054827,ENSMUSG00000056035,ENSMUSG00000056436,ENSMUSG00000060407,ENSMUSG00000060613,ENSMUSG00000061099,ENSMUSG00000061292,ENSMUSG00000062432,ENSMUSG00000062624,ENSMUSG00000064360,ENSMUSG00000067225,ENSMUSG00000074254,ENSMUSG00000074882,ENSMUSG00000075551,ENSMUSG00000075604,ENSMUSG00000091867,ENSMUSG00000094806,ENSMUSG00000095143","downregulated"
"32","oxidoreductase activity, acting on paired donors, with incorporation or reduction of molecular oxygen","query_1","TRUE","6.74520784363135e-09","232","980","35","0.0357142857142857","0.150862068965517","GO:0016705","GO:MF","25412","3678","GO:0016491","ISS ISO TAS IEA,IDA IMP ISO IBA IEA,IEA,IMP ISO IBA IEA,ISO IBA,IEA,ISO IBA IEA,ISO IBA IEA,ISO IEA,IEA,ISO IBA IEA,IEA,ISO IBA IEA,ISO IBA,IDA IGI ISO IBA IEA,IBA,ISO IBA IEA,IMP ISS ISO IBA IEA,ISO IEA,ISO IEA,ISO IBA IEA,IDA IMP ISO IBA IEA,ISS ISO IBA IEA,IBA,ISO IBA IEA,ISO IEA,ISO IEA,ISS ISO IEA,ISO IBA IEA,ISO IBA IEA,ISO IBA IEA,IBA IEA,ISO IBA IEA,ISO IBA IEA,ISO IBA IEA","ENSMUSG00000001467,ENSMUSG00000003555,ENSMUSG00000005547,ENSMUSG00000020051,ENSMUSG00000021207,ENSMUSG00000022445,ENSMUSG00000024292,ENSMUSG00000025197,ENSMUSG00000026691,ENSMUSG00000026692,ENSMUSG00000028712,ENSMUSG00000028713,ENSMUSG00000028715,ENSMUSG00000033715,ENSMUSG00000037071,ENSMUSG00000038641,ENSMUSG00000038768,ENSMUSG00000039783,ENSMUSG00000040170,ENSMUSG00000040181,ENSMUSG00000040650,ENSMUSG00000040943,ENSMUSG00000041660,ENSMUSG00000044788,ENSMUSG00000052520,ENSMUSG00000056035,ENSMUSG00000062432,ENSMUSG00000063415,ENSMUSG00000063929,ENSMUSG00000066072,ENSMUSG00000066097,ENSMUSG00000081362,ENSMUSG00000082932,ENSMUSG00000092008,ENSMUSG00000096852","downregulated","query_1","TRUE","2.93189933975208e-15","232","458","31","0.0676855895196507","0.133620689655172","GO:0016705","GO:MF","25412","3678","GO:0016491","IDA ISO IBA IEA,ISO IBA,IDA ISO IBA IEA,ISO IBA IEA,IDA ISO IBA IEA,IDA ISO IBA IEA,ISO IBA,ISO IEA,IDA ISS ISO IBA IEA,ISO IEA,IEA,IDA ISS ISO IEA,IDA ISO IBA IEA,ISO IEA,ISO IBA IEA,IDA ISO IBA IEA,ISO IEA,IDA ISO IBA IEA,ISO IEA,ISO IBA IEA,IBA IEA,ISO IEA,ISO IEA,ISO IBA IEA,IDA ISO IBA IEA,ISO IBA IEA,ISO IBA IEA,ISO IEA,IDA ISO IBA IEA,ISO IBA IEA,ISO IBA IEA","ENSMUSG00000003053,ENSMUSG00000021210,ENSMUSG00000022589,ENSMUSG00000024292,ENSMUSG00000025002,ENSMUSG00000025004,ENSMUSG00000025955,ENSMUSG00000026691,ENSMUSG00000028240,ENSMUSG00000029630,ENSMUSG00000030483,ENSMUSG00000032310,ENSMUSG00000032323,ENSMUSG00000038656,ENSMUSG00000040660,ENSMUSG00000042248,ENSMUSG00000054417,ENSMUSG00000054827,ENSMUSG00000056035,ENSMUSG00000060407,ENSMUSG00000060613,ENSMUSG00000061292,ENSMUSG00000062432,ENSMUSG00000062624,ENSMUSG00000067225,ENSMUSG00000074254,ENSMUSG00000074882,ENSMUSG00000075551,ENSMUSG00000075604,ENSMUSG00000091867,ENSMUSG00000094806","downregulated"
"33","oxidoreductase activity, acting on paired donors, with incorporation or reduction of molecular oxygen, reduced flavin or flavoprotein as one donor, and incorporation of one atom of oxygen","query_1","TRUE","1.09501655048315e-05","80","980","17","0.0173469387755102","0.2125","GO:0016712","GO:MF","25412","3685","c(""GO:0004497"", ""GO:0016705"")","IEA,IEA,ISO IBA IEA,IBA IEA,ISO,IEA,ISO,IBA IEA,IBA IEA,IEA,ISO,ISO,IBA IEA,IBA IEA,IBA IEA,IBA,IBA IEA","ENSMUSG00000005547,ENSMUSG00000022445,ENSMUSG00000024292,ENSMUSG00000025197,ENSMUSG00000028712,ENSMUSG00000028713,ENSMUSG00000028715,ENSMUSG00000040650,ENSMUSG00000052520,ENSMUSG00000056035,ENSMUSG00000063929,ENSMUSG00000066072,ENSMUSG00000066097,ENSMUSG00000081362,ENSMUSG00000082932,ENSMUSG00000092008,ENSMUSG00000096852","downregulated","query_1","TRUE","3.973161230678e-20","80","458","24","0.0524017467248908","0.3","GO:0016712","GO:MF","25412","3685","c(""GO:0004497"", ""GO:0016705"")","IBA IEA,ISO IBA IEA,IBA IEA,IBA,IEA,IEA,IEA,IDA ISO IEA,IEA,IBA IEA,IBA IEA,IEA,IBA IEA,IEA,IBA IEA,IBA,IEA,IBA,IBA IEA,IBA IEA,IBA,IEA,IBA IEA,IBA IEA","ENSMUSG00000003053,ENSMUSG00000024292,ENSMUSG00000025002,ENSMUSG00000025004,ENSMUSG00000028240,ENSMUSG00000029630,ENSMUSG00000030483,ENSMUSG00000032310,ENSMUSG00000038656,ENSMUSG00000040660,ENSMUSG00000042248,ENSMUSG00000054417,ENSMUSG00000054827,ENSMUSG00000056035,ENSMUSG00000060407,ENSMUSG00000060613,ENSMUSG00000061292,ENSMUSG00000062624,ENSMUSG00000067225,ENSMUSG00000074254,ENSMUSG00000074882,ENSMUSG00000075551,ENSMUSG00000091867,ENSMUSG00000094806","downregulated"
"34","oxoacid metabolic process","query_1","TRUE","2.55342625046357e-28","955","982","117","0.119144602851324","0.122513089005236","GO:0043436","GO:BP","27543","12315","GO:0006082","ISS ISO IBA IEA,TAS IEA,IMP ISO IBA,IBA IEA,ISS ISO IBA IEA,IMP ISO IEA,IMP ISS,IMP IEA,IMP,ISO IBA IEA,IDA IBA IEA,ISS ISO IBA IEA,ISO IBA IEA,TAS,IBA,IDA IBA IEA,ISO IBA IEA,ISO IBA IC,IEA,IBA TAS IEA,ISO IBA IEA,ISS ISO,IMP IBA IEA,IMP ISS ISO IBA TAS IEA,IMP,IBA,IEA,ISO IBA,ISO,ISS ISO IBA IEA,IEA,IDA ISO IBA IEA,IMP,ISO IBA IEA,IEA,ISS ISO,IBA IEA,ISA IEA,ISS ISO IEA,IEA,ISO IBA IEA,IDA IMP ISO IBA TAS IEA,IMP ISO IBA IEA,ISO IEA,ISS ISO IBA IEA,ISO IBA IC IEA,ISO IEA,IMP,ISO IBA IEA,ISO IBA IEA,ISO IEA,ISS ISO IBA IEA,IDA IBA IEA,IMP ISO IBA TAS IEA,ISO IEA,IBA IEA,IBA IEA,IDA IMP ISO IBA IEA,IDA ISO,NAS,IMP,ISS ISO IBA IEA,IDA IBA IEA,IBA,ISO IBA IEA,IEA,IDA,ISO,IBA IEA,IMP ISO IBA IEA,IDA ISS ISO IBA IEA,ISO IEA,ISO IEA,IMP ISO IBA IEA,IMP,IDA ISO IBA IEA,IMP ISO IBA IEA,IBA,IEA,ISO IEA,IEA,IDA ISO IBA IEA,ISO,ISO,ISO,IDA IBA,IDA ISO,ISS ISO,ISS ISO IBA IEA,ISO IBA IEA,ISO IEA,ISO,ISO IEA,IMP ISS ISO IBA IEA,ISS ISO IC IEA,ISO IBA IEA,ISO IBA TAS IEA,ISO,IDA ISO IEA,ISS ISO IEA,IDA ISO,ISO,IDA ISO IEA,ISS ISO IBA IEA,IBA IEA,ISO,IMP,ISO,IBA,ISO IBA IEA,IEA,ISO IBA,IBA,ISO,IBA,IBA,IBA","ENSMUSG00000000673,ENSMUSG00000001155,ENSMUSG00000002769,ENSMUSG00000003526,ENSMUSG00000003809,ENSMUSG00000005373,ENSMUSG00000006345,ENSMUSG00000006542,ENSMUSG00000006574,ENSMUSG00000010651,ENSMUSG00000017718,ENSMUSG00000019762,ENSMUSG00000020051,ENSMUSG00000020774,ENSMUSG00000021207,ENSMUSG00000021228,ENSMUSG00000021238,ENSMUSG00000021416,ENSMUSG00000021490,ENSMUSG00000021620,ENSMUSG00000021751,ENSMUSG00000022304,ENSMUSG00000022821,ENSMUSG00000022853,ENSMUSG00000023019,ENSMUSG00000023120,ENSMUSG00000023262,ENSMUSG00000024292,ENSMUSG00000024694,ENSMUSG00000024827,ENSMUSG00000024892,ENSMUSG00000024899,ENSMUSG00000025059,ENSMUSG00000025197,ENSMUSG00000025815,ENSMUSG00000025911,ENSMUSG00000025963,ENSMUSG00000026189,ENSMUSG00000026348,ENSMUSG00000026866,ENSMUSG00000027199,ENSMUSG00000027359,ENSMUSG00000027513,ENSMUSG00000027870,ENSMUSG00000028179,ENSMUSG00000028307,ENSMUSG00000028553,ENSMUSG00000028655,ENSMUSG00000028712,ENSMUSG00000028715,ENSMUSG00000029269,ENSMUSG00000029445,ENSMUSG00000029695,ENSMUSG00000030382,ENSMUSG00000030562,ENSMUSG00000030945,ENSMUSG00000030972,ENSMUSG00000031549,ENSMUSG00000031725,ENSMUSG00000032066,ENSMUSG00000032114,ENSMUSG00000033427,ENSMUSG00000033533,ENSMUSG00000033715,ENSMUSG00000034456,ENSMUSG00000034785,ENSMUSG00000034875,ENSMUSG00000035780,ENSMUSG00000036892,ENSMUSG00000037071,ENSMUSG00000037542,ENSMUSG00000037686,ENSMUSG00000038641,ENSMUSG00000038754,ENSMUSG00000039438,ENSMUSG00000039653,ENSMUSG00000039783,ENSMUSG00000040650,ENSMUSG00000041653,ENSMUSG00000042118,ENSMUSG00000044788,ENSMUSG00000052392,ENSMUSG00000052520,ENSMUSG00000054052,ENSMUSG00000054385,ENSMUSG00000054474,ENSMUSG00000056973,ENSMUSG00000057074,ENSMUSG00000057228,ENSMUSG00000057880,ENSMUSG00000058022,ENSMUSG00000061959,ENSMUSG00000062432,ENSMUSG00000062908,ENSMUSG00000063415,ENSMUSG00000063929,ENSMUSG00000066072,ENSMUSG00000066097,ENSMUSG00000069324,ENSMUSG00000069805,ENSMUSG00000074028,ENSMUSG00000074639,ENSMUSG00000074768,ENSMUSG00000076441,ENSMUSG00000078937,ENSMUSG00000078964,ENSMUSG00000079262,ENSMUSG00000082932,ENSMUSG00000089675,ENSMUSG00000089678,ENSMUSG00000089739,ENSMUSG00000089943,ENSMUSG00000090171,ENSMUSG00000091813,ENSMUSG00000092008,ENSMUSG00000096852,ENSMUSG00000115022","downregulated","query_1","TRUE","1.10726862136039e-11","955","468","55","0.117521367521368","0.0575916230366492","GO:0043436","GO:BP","27543","12315","GO:0006082","IDA ISO IEA,ISO IEA,IDA IBA IEA,IMP,IBA,ISS ISO,ISO IBA,IDA ISO IBA,IBA IEA,IBA,ISO IBA IEA,IMP ISS ISO IBA IEA,IMP ISS ISO IEA,ISS ISO IBA IEA,ISS ISO IBA IEA,IEA,ISS ISO IBA TAS IEA,IMP,ISS ISO IBA IEA,ISO IBA IEA,IDA ISO IEA,IMP ISO IBA TAS IEA,ISO IBA IEA,ISO IBA IEA,ISO IBA IEA,IBA,ISO IEA,IEA,ISO IEA,ISS ISO IEA,IBA,IDA IBA IEA,ISO IEA,IDA IBA,ISO,IDA ISO,ISS ISO,ISO,IBA,IBA,IEA,ISO IEA,IBA,IDA IBA,IBA,ISO,IDA ISO IEA,IBA,ISO,ISO,ISO,ISO,IBA,IBA,ISO","ENSMUSG00000001670,ENSMUSG00000002588,ENSMUSG00000003053,ENSMUSG00000006574,ENSMUSG00000021210,ENSMUSG00000022304,ENSMUSG00000024292,ENSMUSG00000025002,ENSMUSG00000025004,ENSMUSG00000025955,ENSMUSG00000025991,ENSMUSG00000026272,ENSMUSG00000027048,ENSMUSG00000027261,ENSMUSG00000028011,ENSMUSG00000028148,ENSMUSG00000028240,ENSMUSG00000028749,ENSMUSG00000029445,ENSMUSG00000029597,ENSMUSG00000030378,ENSMUSG00000030382,ENSMUSG00000031173,ENSMUSG00000032079,ENSMUSG00000032080,ENSMUSG00000032083,ENSMUSG00000032310,ENSMUSG00000034785,ENSMUSG00000035836,ENSMUSG00000037798,ENSMUSG00000040660,ENSMUSG00000042248,ENSMUSG00000054422,ENSMUSG00000054827,ENSMUSG00000055730,ENSMUSG00000056973,ENSMUSG00000057074,ENSMUSG00000057400,ENSMUSG00000060407,ENSMUSG00000060613,ENSMUSG00000061099,ENSMUSG00000062432,ENSMUSG00000062624,ENSMUSG00000067225,ENSMUSG00000074254,ENSMUSG00000074375,ENSMUSG00000074768,ENSMUSG00000074882,ENSMUSG00000078798,ENSMUSG00000078799,ENSMUSG00000078964,ENSMUSG00000091813,ENSMUSG00000091867,ENSMUSG00000094806,ENSMUSG00000109350","downregulated"
"35","Phase I - Functionalization of compounds","query_1","TRUE","4.36265880870395e-05","102","304","17","0.0559210526315789","0.166666666666667","REAC:R-MMU-211945","REAC","8710","1028","REAC:R-MMU-211859","REAC,REAC,REAC,REAC,REAC,REAC,REAC,REAC,REAC,REAC,REAC,REAC,REAC,REAC,REAC,REAC,REAC","ENSMUSG00000001467,ENSMUSG00000022235,ENSMUSG00000024292,ENSMUSG00000026691,ENSMUSG00000027761,ENSMUSG00000028712,ENSMUSG00000028713,ENSMUSG00000028715,ENSMUSG00000040170,ENSMUSG00000040181,ENSMUSG00000056035,ENSMUSG00000056973,ENSMUSG00000062432,ENSMUSG00000063415,ENSMUSG00000063929,ENSMUSG00000066072,ENSMUSG00000091813","downregulated","query_1","TRUE","3.19807175849106e-13","102","155","20","0.129032258064516","0.196078431372549","REAC:R-MMU-211945","REAC","8710","1028","REAC:R-MMU-211859","REAC,REAC,REAC,REAC,REAC,REAC,REAC,REAC,REAC,REAC,REAC,REAC,REAC,REAC,REAC,REAC,REAC,REAC,REAC,REAC","ENSMUSG00000022589,ENSMUSG00000024292,ENSMUSG00000025002,ENSMUSG00000026691,ENSMUSG00000028240,ENSMUSG00000029630,ENSMUSG00000032310,ENSMUSG00000032323,ENSMUSG00000038656,ENSMUSG00000054417,ENSMUSG00000056035,ENSMUSG00000056973,ENSMUSG00000060407,ENSMUSG00000061292,ENSMUSG00000062181,ENSMUSG00000062432,ENSMUSG00000074254,ENSMUSG00000075551,ENSMUSG00000075604,ENSMUSG00000091813","downregulated"
"36","regulation of bile acid secretion","query_1","TRUE","0.00420409299377029","11","982","6","0.00610997963340122","0.545454545454545","GO:0120188","GO:BP","27543","22865","c(""GO:0032782"", ""GO:0044070"", ""GO:0051046"")","IEA,ISO,ISO,ISS ISO,ISO,ISO","ENSMUSG00000021135,ENSMUSG00000031725,ENSMUSG00000056973,ENSMUSG00000057074,ENSMUSG00000061959,ENSMUSG00000078964","downregulated","query_1","TRUE","3.77259358409e-05","11","468","6","0.0128205128205128","0.545454545454545","GO:0120188","GO:BP","27543","22865","c(""GO:0032782"", ""GO:0044070"", ""GO:0051046"")","IEA,IMP IEA,ISO,ISS ISO,ISO,ISO","ENSMUSG00000021135,ENSMUSG00000027048,ENSMUSG00000056973,ENSMUSG00000057074,ENSMUSG00000057400,ENSMUSG00000078964","downregulated"
"37","Retinol metabolism","query_1","TRUE","4.3014617139575e-05","96","338","17","0.0502958579881657","0.177083333333333","KEGG:00830","KEGG","8583","127","KEGG:00000","KEGG,KEGG,KEGG,KEGG,KEGG,KEGG,KEGG,KEGG,KEGG,KEGG,KEGG,KEGG,KEGG,KEGG,KEGG,KEGG,KEGG","ENSMUSG00000025197,ENSMUSG00000028003,ENSMUSG00000028712,ENSMUSG00000028715,ENSMUSG00000035780,ENSMUSG00000040650,ENSMUSG00000054052,ENSMUSG00000056035,ENSMUSG00000061906,ENSMUSG00000062432,ENSMUSG00000063415,ENSMUSG00000063929,ENSMUSG00000066072,ENSMUSG00000074639,ENSMUSG00000089675,ENSMUSG00000089943,ENSMUSG00000090171","downregulated","query_1","TRUE","6.87540533114854e-18","96","173","24","0.138728323699422","0.25","KEGG:00830","KEGG","8583","127","KEGG:00000","KEGG,KEGG,KEGG,KEGG,KEGG,KEGG,KEGG,KEGG,KEGG,KEGG,KEGG,KEGG,KEGG,KEGG,KEGG,KEGG,KEGG,KEGG,KEGG,KEGG,KEGG,KEGG,KEGG,KEGG","ENSMUSG00000003053,ENSMUSG00000025002,ENSMUSG00000025004,ENSMUSG00000025396,ENSMUSG00000029630,ENSMUSG00000030483,ENSMUSG00000032310,ENSMUSG00000035836,ENSMUSG00000038656,ENSMUSG00000040134,ENSMUSG00000040660,ENSMUSG00000042248,ENSMUSG00000054417,ENSMUSG00000054827,ENSMUSG00000056035,ENSMUSG00000060407,ENSMUSG00000060613,ENSMUSG00000061906,ENSMUSG00000062432,ENSMUSG00000067225,ENSMUSG00000070704,ENSMUSG00000074254,ENSMUSG00000074882,ENSMUSG00000075551","downregulated"
"38","small molecule biosynthetic process","query_1","TRUE","2.05937160151213e-09","559","982","58","0.0590631364562118","0.103756708407871","GO:0044283","GO:BP","27543","12714","c(""GO:0009058"", ""GO:0044281"")","ISS ISO IEA,ISO TAS IEA,IMP IBA,IBA IEA,IMP,IMP,IEA,ISO IBA,IMP,IDA,IEA,ISO,TAS,ISA IEA,ISS ISO IEA,IEA,ISO IBA IEA,ISO IEA,ISO IBA IEA,IDA IMP ISO IBA IEA,ISS ISO IBA IEA,ISO IBA,ISO IBA,IBA,IMP ISO IBA IEA,IBA,IBA,ISO,IEA,ISS ISO IBA IEA,IDA IBA,IDA IMP IGI ISO IBA IEA,IDA,ISO IEA,IMP ISO IBA IEA,ISO IEA,ISO IEA,ISO IEA,IEA,ISO,ISO,IDA IBA,IEA,ISO,ISS ISO,ISO IEA,ISO,IMP,ISO IBA,ISO IBA,IDA ISO IEA,ISS ISO IBA IEA,ISO,IDA ISO IEA,ISS ISO IBA IEA,ISO IBA IEA,ISO,ISO IEA","ENSMUSG00000000673,ENSMUSG00000001467,ENSMUSG00000002769,ENSMUSG00000005232,ENSMUSG00000005373,ENSMUSG00000006345,ENSMUSG00000006542,ENSMUSG00000020051,ENSMUSG00000023019,ENSMUSG00000024107,ENSMUSG00000024892,ENSMUSG00000025197,ENSMUSG00000025317,ENSMUSG00000026189,ENSMUSG00000026348,ENSMUSG00000026866,ENSMUSG00000027199,ENSMUSG00000027227,ENSMUSG00000027359,ENSMUSG00000027513,ENSMUSG00000028179,ENSMUSG00000028712,ENSMUSG00000028715,ENSMUSG00000029695,ENSMUSG00000030382,ENSMUSG00000030945,ENSMUSG00000030972,ENSMUSG00000031725,ENSMUSG00000033122,ENSMUSG00000033427,ENSMUSG00000033533,ENSMUSG00000037071,ENSMUSG00000037542,ENSMUSG00000038641,ENSMUSG00000038754,ENSMUSG00000039653,ENSMUSG00000039783,ENSMUSG00000042118,ENSMUSG00000044788,ENSMUSG00000054052,ENSMUSG00000054385,ENSMUSG00000054474,ENSMUSG00000056035,ENSMUSG00000056973,ENSMUSG00000057074,ENSMUSG00000057880,ENSMUSG00000061959,ENSMUSG00000062908,ENSMUSG00000063929,ENSMUSG00000066072,ENSMUSG00000069324,ENSMUSG00000069805,ENSMUSG00000074639,ENSMUSG00000074768,ENSMUSG00000076441,ENSMUSG00000078650,ENSMUSG00000078964,ENSMUSG00000089678","downregulated","query_1","TRUE","0.0487394216668045","559","468","25","0.0534188034188034","0.0447227191413238","GO:0044283","GO:BP","27543","12714","c(""GO:0009058"", ""GO:0044281"")","IDA ISO IBA,ISO IBA IEA,ISS ISO IBA TAS IEA,ISO IBA IEA,IEA,IMP ISO IBA IEA,ISO IBA IEA,ISO IBA IEA,ISO IBA IEA,IMP IBA,IEA,IEA,IEA,ISO,ISS ISO,ISO,IEA,IDA ISO IEA,IEA,ISO IBA,ISS,ISS,ISS,ISO,ISO","ENSMUSG00000022589,ENSMUSG00000026272,ENSMUSG00000028240,ENSMUSG00000029597,ENSMUSG00000029630,ENSMUSG00000030382,ENSMUSG00000031173,ENSMUSG00000032079,ENSMUSG00000032080,ENSMUSG00000032083,ENSMUSG00000033122,ENSMUSG00000054417,ENSMUSG00000056035,ENSMUSG00000056973,ENSMUSG00000057074,ENSMUSG00000057400,ENSMUSG00000061292,ENSMUSG00000074768,ENSMUSG00000075551,ENSMUSG00000075604,ENSMUSG00000078674,ENSMUSG00000078675,ENSMUSG00000078686,ENSMUSG00000078964,ENSMUSG00000109350","downregulated"
"39","small molecule catabolic process","query_1","TRUE","2.32070481719857e-16","369","982","56","0.0570264765784114","0.151761517615176","GO:0044282","GO:BP","27543","12713","c(""GO:0009056"", ""GO:0044281"")","IEA,TAS IEA,IBA IEA,ISS ISO IBA IEA,ISO IBA,IDA IBA IEA,IEA,ISO IBA IEA,ISO IC,ISO IBA IEA,IMP IEA,ISS ISO IBA IEA,IBA IEA,IMP ISS ISO IBA TAS IEA,ISO IBA,ISS ISO IBA IEA,IEA,ISS ISO,ISO,ISO,IDA ISO IBA IEA,IEA,ISO IBA IEA,IMP ISO IBA IEA,IBA,IC,IMP,IEA,IEA,ISO IEA,ISS ISO IBA IEA,IDA IEA,IDA IMP ISO IBA IEA,IDA,ISS ISO IEA,ISO IBA IEA,IDA,IBA IEA,IEA,ISO IEA,IEA,IEA,ISO IEA,IDA IBA,IDA,IEA,IBA,ISO IEA,ISO IEA,IMP ISS ISO IBA IEA,ISO IC IEA,IEA,IEA,IEA,ISO IBA IEA,IBA","ENSMUSG00000000673,ENSMUSG00000001155,ENSMUSG00000003526,ENSMUSG00000003809,ENSMUSG00000010651,ENSMUSG00000017718,ENSMUSG00000020051,ENSMUSG00000021238,ENSMUSG00000021416,ENSMUSG00000021751,ENSMUSG00000022186,ENSMUSG00000022613,ENSMUSG00000022821,ENSMUSG00000022853,ENSMUSG00000024292,ENSMUSG00000024827,ENSMUSG00000025059,ENSMUSG00000025911,ENSMUSG00000026348,ENSMUSG00000026726,ENSMUSG00000026839,ENSMUSG00000026866,ENSMUSG00000027227,ENSMUSG00000027359,ENSMUSG00000027513,ENSMUSG00000028307,ENSMUSG00000028655,ENSMUSG00000028712,ENSMUSG00000028715,ENSMUSG00000029269,ENSMUSG00000029445,ENSMUSG00000029695,ENSMUSG00000031549,ENSMUSG00000031725,ENSMUSG00000033427,ENSMUSG00000034456,ENSMUSG00000034875,ENSMUSG00000036892,ENSMUSG00000037542,ENSMUSG00000038641,ENSMUSG00000039783,ENSMUSG00000050553,ENSMUSG00000052392,ENSMUSG00000054474,ENSMUSG00000056973,ENSMUSG00000057228,ENSMUSG00000057880,ENSMUSG00000058022,ENSMUSG00000062432,ENSMUSG00000062908,ENSMUSG00000063415,ENSMUSG00000063929,ENSMUSG00000066072,ENSMUSG00000078937,ENSMUSG00000089678,ENSMUSG00000115022","downregulated","query_1","TRUE","0.00165646940062356","369","468","22","0.047008547008547","0.0596205962059621","GO:0044282","GO:BP","27543","12713","c(""GO:0009056"", ""GO:0044281"")","IDA ISO IEA,ISO IEA,ISO IBA,ISS ISO IEA,ISO IEA,IMP,ISS ISO IBA IEA,ISS ISO IBA IEA,IDA ISO IBA IEA,IDA ISS ISO IEA,ISS ISO IBA IEA,ISO IBA IEA,IDA ISO IEA,ISO IEA,ISS ISO IEA,ISO IEA,IDA,ISO IEA,ISO,IDA IEA,ISO,ISO","ENSMUSG00000001670,ENSMUSG00000002588,ENSMUSG00000024292,ENSMUSG00000025396,ENSMUSG00000026272,ENSMUSG00000027048,ENSMUSG00000027261,ENSMUSG00000028011,ENSMUSG00000028186,ENSMUSG00000028240,ENSMUSG00000029445,ENSMUSG00000029597,ENSMUSG00000030378,ENSMUSG00000031173,ENSMUSG00000037798,ENSMUSG00000054422,ENSMUSG00000056973,ENSMUSG00000062432,ENSMUSG00000074375,ENSMUSG00000075543,ENSMUSG00000078798,ENSMUSG00000078799","downregulated"
"40","steroid biosynthetic process","query_1","TRUE","0.0227986814672826","174","982","20","0.0203665987780041","0.114942528735632","GO:0006694","GO:BP","27543","2662","c(""GO:0008202"", ""GO:0008610"", ""GO:1901362"")","ISS ISO TAS IEA,IDA ISO IEA,ISA,IMP IEA,ISO IBA IEA,ISO IBA IEA,ISO,ISO IBA IEA,IBA IEA,ISO IEA,ISO IEA,IEA,ISO,ISS ISO,ISO,ISS ISO IBA IEA,ISO,IBA IEA,ISO IBA IEA,ISO IBA IEA","ENSMUSG00000001467,ENSMUSG00000003555,ENSMUSG00000021207,ENSMUSG00000024107,ENSMUSG00000027359,ENSMUSG00000030382,ENSMUSG00000031725,ENSMUSG00000033122,ENSMUSG00000038092,ENSMUSG00000038641,ENSMUSG00000039653,ENSMUSG00000056035,ENSMUSG00000056973,ENSMUSG00000057074,ENSMUSG00000061959,ENSMUSG00000063730,ENSMUSG00000078964,ENSMUSG00000090817,ENSMUSG00000095143,ENSMUSG00000095388","downregulated","query_1","TRUE","9.44448403569997e-09","174","468","21","0.0448717948717949","0.120689655172414","GO:0006694","GO:BP","27543","2662","c(""GO:0008202"", ""GO:0008610"", ""GO:1901362"")","IDA IEA,IDA ISO IBA IEA,IBA IEA,ISS ISO IBA TAS IEA,IEA,ISO IBA IEA,IBA,IBA,IMP IBA,IDA ISO IBA IEA,ISO IBA IEA,IEA,IEA,ISO,ISS ISO,ISO,IEA,IEA,IDA IMP ISO IBA,ISO,ISO IBA IEA","ENSMUSG00000021210,ENSMUSG00000022589,ENSMUSG00000027871,ENSMUSG00000028240,ENSMUSG00000029630,ENSMUSG00000030382,ENSMUSG00000032079,ENSMUSG00000032080,ENSMUSG00000032083,ENSMUSG00000032323,ENSMUSG00000033122,ENSMUSG00000054417,ENSMUSG00000056035,ENSMUSG00000056973,ENSMUSG00000057074,ENSMUSG00000057400,ENSMUSG00000061292,ENSMUSG00000075551,ENSMUSG00000075604,ENSMUSG00000078964,ENSMUSG00000095143","downregulated"
"41","steroid dehydrogenase activity","query_1","TRUE","0.0032955788623635","50","980","11","0.0112244897959184","0.22","GO:0016229","GO:MF","25412","3458","GO:0016491","IDA IMP ISO IBA IEA,ISS ISO IBA IEA,IDA ISO IBA IEA,ISO IEA,ISO IBA,ISO,ISS ISO IEA,ISO,ISO IEA,ISO IEA,ISO IEA","ENSMUSG00000021207,ENSMUSG00000033122,ENSMUSG00000033715,ENSMUSG00000038092,ENSMUSG00000038641,ENSMUSG00000054052,ENSMUSG00000063730,ENSMUSG00000074639,ENSMUSG00000090817,ENSMUSG00000095143,ENSMUSG00000095388","downregulated","query_1","TRUE","0.0247148865323867","50","458","7","0.0152838427947598","0.14","GO:0016229","GO:MF","25412","3458","GO:0016491","IDA ISO IBA,IDA ISO IEA,ISO IBA,ISO IEA,ISS ISO IBA IEA,ISO,ISO IEA","ENSMUSG00000021210,ENSMUSG00000025396,ENSMUSG00000025955,ENSMUSG00000027871,ENSMUSG00000033122,ENSMUSG00000040134,ENSMUSG00000095143","downregulated"
"42","steroid dehydrogenase activity, acting on the CH-OH group of donors, NAD or NADP as acceptor","query_1","TRUE","0.0105808692557383","46","980","10","0.0102040816326531","0.217391304347826","GO:0033764","GO:MF","25412","5628","c(""GO:0016229"", ""GO:0016616"")","IDA IMP ISO IBA IEA,ISS ISO IBA IEA,IDA ISO IBA,ISO IEA,ISO,ISS ISO IEA,ISO,ISO IEA,ISO IEA,ISO IEA","ENSMUSG00000021207,ENSMUSG00000033122,ENSMUSG00000033715,ENSMUSG00000038092,ENSMUSG00000054052,ENSMUSG00000063730,ENSMUSG00000074639,ENSMUSG00000090817,ENSMUSG00000095143,ENSMUSG00000095388","downregulated","query_1","TRUE","0.0140914383952085","46","458","7","0.0152838427947598","0.152173913043478","GO:0033764","GO:MF","25412","5628","c(""GO:0016229"", ""GO:0016616"")","IDA ISO IBA,IDA ISO IEA,ISO IBA,ISO IEA,ISS ISO IBA IEA,ISO,ISO IEA","ENSMUSG00000021210,ENSMUSG00000025396,ENSMUSG00000025955,ENSMUSG00000027871,ENSMUSG00000033122,ENSMUSG00000040134,ENSMUSG00000095143","downregulated"
"43","Steroid hormone biosynthesis","query_1","TRUE","2.08792943486401e-06","89","338","18","0.0532544378698225","0.202247191011236","KEGG:00140","KEGG","8583","17","KEGG:00000","KEGG,KEGG,KEGG,KEGG,KEGG,KEGG,KEGG,KEGG,KEGG,KEGG,KEGG,KEGG,KEGG,KEGG,KEGG,KEGG,KEGG,KEGG","ENSMUSG00000003555,ENSMUSG00000022445,ENSMUSG00000025197,ENSMUSG00000033122,ENSMUSG00000035780,ENSMUSG00000038092,ENSMUSG00000038641,ENSMUSG00000040650,ENSMUSG00000056035,ENSMUSG00000061906,ENSMUSG00000063730,ENSMUSG00000089675,ENSMUSG00000089943,ENSMUSG00000090171,ENSMUSG00000090817,ENSMUSG00000095143,ENSMUSG00000095388,ENSMUSG00000096852","downregulated","query_1","TRUE","7.90094012623719e-23","89","173","27","0.15606936416185","0.303370786516854","KEGG:00140","KEGG","8583","17","KEGG:00000","KEGG,KEGG,KEGG,KEGG,KEGG,KEGG,KEGG,KEGG,KEGG,KEGG,KEGG,KEGG,KEGG,KEGG,KEGG,KEGG,KEGG,KEGG,KEGG,KEGG,KEGG,KEGG,KEGG,KEGG,KEGG,KEGG,KEGG","ENSMUSG00000003053,ENSMUSG00000025002,ENSMUSG00000025004,ENSMUSG00000025396,ENSMUSG00000027871,ENSMUSG00000028240,ENSMUSG00000029630,ENSMUSG00000030483,ENSMUSG00000032310,ENSMUSG00000032323,ENSMUSG00000033122,ENSMUSG00000035836,ENSMUSG00000038656,ENSMUSG00000040660,ENSMUSG00000042248,ENSMUSG00000054417,ENSMUSG00000054827,ENSMUSG00000056035,ENSMUSG00000060613,ENSMUSG00000061906,ENSMUSG00000067225,ENSMUSG00000070704,ENSMUSG00000074882,ENSMUSG00000075551,ENSMUSG00000075604,ENSMUSG00000094806,ENSMUSG00000095143","downregulated"
"44","steroid metabolic process","query_1","TRUE","3.75006932081929e-05","325","982","35","0.0356415478615071","0.107692307692308","GO:0008202","GO:BP","27543","3543","c(""GO:0006629"", ""GO:1901360"")","ISS ISO IBA TAS IEA,IDA ISS ISO IBA IEA,ISO,IMP ISA IBA IEA,IMP IEA,IEA,ISO IBA IEA,ISO IEA,IMP ISO IBA IEA,ISO,IMP,ISO IBA IEA,IBA,IMP TAS,IBA IEA,ISO IBA IEA,IDA ISO IEA,ISO,ISO,IBA IEA,ISO,ISS ISO,IMP,ISO,IBA,IBA,ISS ISO IBA IEA,ISO,IMP,ISO,IMP,ISO,IBA IEA,ISO IBA IEA,ISO IBA IEA","ENSMUSG00000001467,ENSMUSG00000003555,ENSMUSG00000010651,ENSMUSG00000021207,ENSMUSG00000024107,ENSMUSG00000026726,ENSMUSG00000027359,ENSMUSG00000028553,ENSMUSG00000030382,ENSMUSG00000031725,ENSMUSG00000032114,ENSMUSG00000033122,ENSMUSG00000033715,ENSMUSG00000037071,ENSMUSG00000038092,ENSMUSG00000038641,ENSMUSG00000039653,ENSMUSG00000040650,ENSMUSG00000054052,ENSMUSG00000056035,ENSMUSG00000056973,ENSMUSG00000057074,ENSMUSG00000060807,ENSMUSG00000061959,ENSMUSG00000062432,ENSMUSG00000063415,ENSMUSG00000063730,ENSMUSG00000074639,ENSMUSG00000078650,ENSMUSG00000078964,ENSMUSG00000079262,ENSMUSG00000089943,ENSMUSG00000090817,ENSMUSG00000095143,ENSMUSG00000095388","downregulated","query_1","TRUE","2.0793832505422e-15","325","468","36","0.0769230769230769","0.110769230769231","GO:0008202","GO:BP","27543","3543","c(""GO:0006629"", ""GO:1901360"")","IMP TAS,IDA IBA IEA,IDA ISO IBA IEA,ISS ISO IEA,IBA,IMP ISS ISO IEA,IBA IEA,IDA ISS ISO IBA TAS IEA,IBA IEA,IDA ISO IEA,IMP ISO IBA IEA,IBA,ISO IBA IEA,IMP IGI ISO IBA IEA,ISS ISO IEA,IDA ISS ISO IBA IEA,ISO IBA IEA,ISO IEA,IBA,ISO,ISO,IMP IBA IEA,IBA IEA,IBA IEA,ISO,ISS ISO,ISO,IBA IEA,IBA,ISO,IBA IEA,IDA IMP ISO IBA IEA,IDA ISS ISO IEA,ISO,ISO,ISO IBA IEA","ENSMUSG00000002588,ENSMUSG00000021210,ENSMUSG00000022589,ENSMUSG00000025396,ENSMUSG00000025955,ENSMUSG00000027048,ENSMUSG00000027871,ENSMUSG00000028240,ENSMUSG00000029630,ENSMUSG00000030378,ENSMUSG00000030382,ENSMUSG00000032079,ENSMUSG00000032080,ENSMUSG00000032083,ENSMUSG00000032310,ENSMUSG00000032323,ENSMUSG00000033122,ENSMUSG00000035836,ENSMUSG00000038656,ENSMUSG00000040134,ENSMUSG00000040660,ENSMUSG00000047631,ENSMUSG00000054417,ENSMUSG00000056035,ENSMUSG00000056973,ENSMUSG00000057074,ENSMUSG00000057400,ENSMUSG00000061292,ENSMUSG00000062432,ENSMUSG00000074375,ENSMUSG00000075551,ENSMUSG00000075604,ENSMUSG00000078798,ENSMUSG00000078799,ENSMUSG00000078964,ENSMUSG00000095143","downregulated"
"45","tetrapyrrole binding","query_1","TRUE","1.75651801646587e-06","191","980","28","0.0285714285714286","0.146596858638743","GO:0046906","GO:MF","25412","7325","c(""GO:0097159"", ""GO:1901363"")","ISS ISO IEA,ISS ISO IEA,IEA,IEA,IEA,ISO IEA,IBA IEA,IEA,ISS ISO IEA,IEA,IEA,IEA,IEA,ISO IBA IEA,IBA IEA,IEA,IEA,IEA,IEA,IEA,IEA,IBA IEA,IBA IEA,IBA IEA,IBA IEA,IBA IEA,ISO IBA IEA,ISO IBA IEA","ENSMUSG00000001467,ENSMUSG00000003555,ENSMUSG00000005547,ENSMUSG00000022445,ENSMUSG00000022877,ENSMUSG00000024292,ENSMUSG00000025197,ENSMUSG00000026726,ENSMUSG00000028356,ENSMUSG00000028712,ENSMUSG00000028713,ENSMUSG00000028715,ENSMUSG00000031549,ENSMUSG00000040650,ENSMUSG00000052520,ENSMUSG00000056035,ENSMUSG00000062432,ENSMUSG00000063415,ENSMUSG00000063929,ENSMUSG00000064351,ENSMUSG00000066072,ENSMUSG00000066097,ENSMUSG00000073063,ENSMUSG00000073940,ENSMUSG00000081362,ENSMUSG00000082932,ENSMUSG00000092008,ENSMUSG00000096852","downregulated","query_1","TRUE","6.10108640326378e-20","191","458","33","0.0720524017467249","0.172774869109948","GO:0046906","GO:MF","25412","7325","c(""GO:0097159"", ""GO:1901363"")","ISO IBA IEA,ISS ISO IEA,IEA,ISO IEA,IBA IEA,ISO IBA IEA,ISS ISO IBA IEA,IEA,IEA,IEA,ISO,ISS ISO IEA,ISS ISO IEA,IEA,ISO IBA IEA,ISO IBA IEA,IEA,IEA,ISO IBA IEA,IEA,IDA IEA,ISO IBA IEA,IBA IEA,IEA,IEA,ISO IBA IEA,ISO IBA IEA,ISO IBA IEA,ISO IBA IEA,IEA,ISO IEA,ISO IBA IEA,ISO IBA IEA","ENSMUSG00000003053,ENSMUSG00000022589,ENSMUSG00000022877,ENSMUSG00000024292,ENSMUSG00000025002,ENSMUSG00000025004,ENSMUSG00000028011,ENSMUSG00000028240,ENSMUSG00000029630,ENSMUSG00000030483,ENSMUSG00000030895,ENSMUSG00000032310,ENSMUSG00000032323,ENSMUSG00000038656,ENSMUSG00000040660,ENSMUSG00000042248,ENSMUSG00000050994,ENSMUSG00000054417,ENSMUSG00000054827,ENSMUSG00000056035,ENSMUSG00000056436,ENSMUSG00000060407,ENSMUSG00000060613,ENSMUSG00000061292,ENSMUSG00000062432,ENSMUSG00000062624,ENSMUSG00000067225,ENSMUSG00000074254,ENSMUSG00000074882,ENSMUSG00000075551,ENSMUSG00000075604,ENSMUSG00000091867,ENSMUSG00000094806","downregulated"
"46","xenobiotic metabolic process","query_1","TRUE","6.45617561304266e-05","122","982","20","0.0203665987780041","0.163934426229508","GO:0006805","GO:BP","27543","2761","c(""GO:0044237"", ""GO:0071466"")","IBA,IBA,ISO,IMP,ISO IEA,ISO IEA,IMP,ISO IBA,IBA,ISO IBA,ISS ISO IEA,IBA,IMP,IBA,IBA,IBA,IBA,IBA,IBA,IBA","ENSMUSG00000010651,ENSMUSG00000025197,ENSMUSG00000026691,ENSMUSG00000026692,ENSMUSG00000029269,ENSMUSG00000040170,ENSMUSG00000040181,ENSMUSG00000040650,ENSMUSG00000052520,ENSMUSG00000057933,ENSMUSG00000063415,ENSMUSG00000066097,ENSMUSG00000079262,ENSMUSG00000081362,ENSMUSG00000082932,ENSMUSG00000089675,ENSMUSG00000089943,ENSMUSG00000090171,ENSMUSG00000092008,ENSMUSG00000096852","downregulated","query_1","TRUE","5.27243390239612e-13","122","468","22","0.047008547008547","0.180327868852459","GO:0006805","GO:BP","27543","2761","c(""GO:0044237"", ""GO:0071466"")","IBA,IBA,IBA,ISO,ISS ISO IEA,ISO,IMP ISO IEA,ISO IEA,ISO IBA,IBA,IBA,IBA,IBA,IBA,IBA,IBA,ISO,IBA,ISO,ISO,IBA,IBA","ENSMUSG00000003053,ENSMUSG00000025002,ENSMUSG00000025004,ENSMUSG00000026691,ENSMUSG00000027048,ENSMUSG00000030378,ENSMUSG00000032310,ENSMUSG00000035836,ENSMUSG00000040660,ENSMUSG00000042248,ENSMUSG00000054827,ENSMUSG00000060407,ENSMUSG00000060613,ENSMUSG00000062624,ENSMUSG00000067225,ENSMUSG00000074254,ENSMUSG00000074375,ENSMUSG00000074882,ENSMUSG00000078798,ENSMUSG00000078799,ENSMUSG00000091867,ENSMUSG00000094806","downregulated"
